actorKey,actorName,presentInWorld,threatClass,level,experience,actionPoints,attack,specialization,specializationLabel,damage,pellets,penetration,damageTypes,skill,attackSkill,hitDifficulty,hitChance,actions,benchmarkAction,actionPointCost,actionsPerTurn,targetArmor,targetArmorCondition,firstActionHealthDamage,firstActionImmediateDamage,firstActionArmorWear,actionsUntilFirstHealthDamage,landedActionsToDefeat,expectedTurnsToDefeat,unarmoredLandedActionsToDefeat,unarmoredExpectedTurnsToDefeat,torsoResistance
ghoul:ordinary,Гуль-бродяга,true,C,16,21200,8,Удар,impact,Силовая,30,1,0,bludgeoning:100%,meleeCombat,90,82,95,meleeAttack:3 ОД; aimedMeleeAttack:4 ОД,meleeAttack,3,2,Боевая броня,650,6,6,36,1,38,20,23,12.1,"{""piercing"":13,""slashing"":14,""bludgeoning"":11,""firearm"":10,""energy"":8,""fire"":6,""cryo"":8,""electric"":5,""acid"":8,""poison"":21,""radiation"":28}"
ghoul:ordinary,Гуль-бродяга,true,C,16,21200,8,Пинок,impact,Силовая,35,1,0,bludgeoning:100%,meleeCombat,90,82,95,meleeAttack:3 ОД; aimedMeleeAttack:4 ОД,meleeAttack,3,2,Боевая броня,650,11,11,36,1,32,16.8,20,10.5,"{""piercing"":13,""slashing"":14,""bludgeoning"":11,""firearm"":10,""energy"":8,""fire"":6,""cryo"":8,""electric"":5,""acid"":8,""poison"":21,""radiation"":28}"
ghoul:feral,Дикий гуль,true,C,14,16450,7,Когти,rend,Рубящая,40,1,3,slashing:100%,meleeCombat,98,82,95,meleeAttack:3 ОД; aimedMeleeAttack:4 ОД,meleeAttack,3,2,Боевая броня,650,16,16,24,1,32,16.8,17,8.9,"{""piercing"":11,""slashing"":12,""bludgeoning"":9,""firearm"":9,""energy"":7,""fire"":5,""cryo"":7,""electric"":4,""acid"":7,""poison"":18,""radiation"":24}"
ghoul:feral,Дикий гуль,true,C,14,16450,7,Укус,puncture,Пробивная,26,1,11,piercing:100%,meleeCombat,98,82,95,meleeAttack:3 ОД; aimedMeleeAttack:4 ОД,meleeAttack,3,2,Боевая броня,650,0,0,26,7,52,27.4,26,13.7,"{""piercing"":11,""slashing"":12,""bludgeoning"":9,""firearm"":9,""energy"":7,""fire"":5,""cryo"":7,""electric"":4,""acid"":7,""poison"":18,""radiation"":24}"
ghoul:reaver,Гуль-потрошитель,true,B,38,113050,12,Когти,rend,Рубящая,80,1,8,slashing:100%,meleeCombat,135,82,95,meleeAttack:5 ОД; aimedMeleeAttack:6 ОД,meleeAttack,5,2,"Боевая броня, усиленная",1011,45,45,35,1,15,7.9,9,4.7,"{""piercing"":38,""slashing"":42,""bludgeoning"":32,""firearm"":30,""energy"":25,""fire"":19,""cryo"":23,""electric"":15,""acid"":23,""poison"":63,""radiation"":84}"
ghoul:reaver,Гуль-потрошитель,true,B,38,113050,12,Потрошение,flurry,Серия,35,1,5,slashing:100%,meleeCombat,135,82,95,burst:9 ОД×3,burst,9,1,"Боевая броня, усиленная",1011,0,0,105,3,17,17.9,7,7.4,"{""piercing"":38,""slashing"":42,""bludgeoning"":32,""firearm"":30,""energy"":25,""fire"":19,""cryo"":23,""electric"":15,""acid"":23,""poison"":63,""radiation"":84}"
ghoul:reaver,Гуль-потрошитель,true,B,38,113050,12,Укус,puncture,Пробивная,55,1,28,piercing:100%,meleeCombat,135,82,95,meleeAttack:5 ОД; aimedMeleeAttack:6 ОД,meleeAttack,5,2,"Боевая броня, усиленная",1011,26,26,29,1,22,11.6,13,6.8,"{""piercing"":38,""slashing"":42,""bludgeoning"":32,""firearm"":30,""energy"":25,""fire"":19,""cryo"":23,""electric"":15,""acid"":23,""poison"":63,""radiation"":84}"
ghoul:berserker,Гуль-берсерк,true,B,46,164450,13,Когти,rend,Рубящая,90,1,10,slashing:100%,meleeCombat,140,82,95,meleeAttack:6 ОД; aimedMeleeAttack:7 ОД,meleeAttack,6,2,"Боевая броня, усиленная",1011,57,57,33,1,12,6.3,8,4.2,"{""piercing"":45,""slashing"":50,""bludgeoning"":38,""firearm"":36,""energy"":30,""fire"":23,""cryo"":28,""electric"":18,""acid"":28,""poison"":75,""radiation"":100}"
ghoul:berserker,Гуль-берсерк,true,B,46,164450,13,Укус,puncture,Пробивная,65,1,35,piercing:100%,meleeCombat,140,82,95,meleeAttack:6 ОД; aimedMeleeAttack:7 ОД,meleeAttack,6,2,"Боевая броня, усиленная",1011,43,43,22,1,15,7.9,11,5.8,"{""piercing"":45,""slashing"":50,""bludgeoning"":38,""firearm"":36,""energy"":30,""fire"":23,""cryo"":28,""electric"":18,""acid"":28,""poison"":75,""radiation"":100}"
ghoul:glowing,Светящийся гуль,true,B,30,71250,9,Когти,rend,Рубящая,60,1,6,slashing:65% + radiation:35%,meleeCombat,120,82,95,meleeAttack:4 ОД; aimedMeleeAttack:5 ОД,meleeAttack,4,2,"Боевая броня, усиленная",1011,2,2,37,1,44,23.2,18,9.5,"{""piercing"":27,""slashing"":30,""bludgeoning"":23,""firearm"":22,""energy"":18,""fire"":14,""cryo"":17,""electric"":11,""acid"":17,""poison"":45,""radiation"":60}"
ghoul:glowing,Светящийся гуль,true,B,30,71250,9,Укус,puncture,Пробивная,40,1,21,piercing:100%,meleeCombat,120,82,95,meleeAttack:4 ОД; aimedMeleeAttack:5 ОД,meleeAttack,4,2,"Боевая броня, усиленная",1011,4,4,36,1,40,21.1,17,8.9,"{""piercing"":27,""slashing"":30,""bludgeoning"":23,""firearm"":22,""energy"":18,""fire"":14,""cryo"":17,""electric"":11,""acid"":17,""poison"":45,""radiation"":60}"
super-mutant:ordinary,Супермутант,true,C,20,32500,11,Кулаки,impact,Силовая,50,1,1,bludgeoning:100%,meleeCombat,90,82,95,meleeAttack:4 ОД; aimedMeleeAttack:5 ОД,meleeAttack,4,2,Боевая броня,650,27,27,35,1,22,11.6,14,7.4,"{""piercing"":22,""slashing"":24,""bludgeoning"":18,""firearm"":17,""energy"":12,""fire"":8,""cryo"":13,""electric"":8,""acid"":13,""poison"":19,""radiation"":22}"
super-mutant:nightkin,Ночной охотник,true,B,38,113050,13,Кулаки,impact,Силовая,80,1,2,bludgeoning:100%,meleeCombat,140,82,95,meleeAttack:5 ОД; aimedMeleeAttack:6 ОД,meleeAttack,5,2,"Боевая броня, усиленная",1011,44,44,54,1,14,7.4,9,4.7,"{""piercing"":41,""slashing"":45,""bludgeoning"":34,""firearm"":32,""energy"":23,""fire"":16,""cryo"":25,""electric"":16,""acid"":25,""poison"":36,""radiation"":41}"
super-mutant:behemoth,Супермутант-бегемот,true,S,92,646300,18,Удар,impact,Силовая,360,7,5,bludgeoning:100%,meleeCombat,220,82,95,meleeAttack:13 ОД; aimedMeleeAttack:14 ОД,meleeAttack,13,1,Силовая броня T-65,4800,0,0,542,9,11,11.6,2,2.1,"{""piercing"":207,""slashing"":230,""bludgeoning"":173,""firearm"":166,""energy"":115,""fire"":81,""cryo"":127,""electric"":81,""acid"":127,""poison"":184,""radiation"":207}"
super-mutant:behemoth,Супермутант-бегемот,true,S,92,646300,18,Топот,impact,Силовая,325,6,5,bludgeoning:100%,meleeCombat,220,82,95,meleeAttack:13 ОД; aimedMeleeAttack:14 ОД,meleeAttack,13,1,Силовая броня T-65,4800,0,0,488,11,13,13.7,3,3.2,"{""piercing"":207,""slashing"":230,""bludgeoning"":173,""firearm"":166,""energy"":115,""fire"":81,""cryo"":127,""electric"":81,""acid"":127,""poison"":184,""radiation"":207}"
super-mutant:behemoth,Супермутант-бегемот,true,S,92,646300,18,Бросок,impact,Силовая,270,5,5,bludgeoning:100%,rangedCombat,215,82,95,snapshot:13 ОД; aimedShot:14 ОД,snapshot,13,1,Силовая броня T-65,4800,0,0,405,13,15,15.8,3,3.2,"{""piercing"":207,""slashing"":230,""bludgeoning"":173,""firearm"":166,""energy"":115,""fire"":81,""cryo"":127,""electric"":81,""acid"":127,""poison"":184,""radiation"":207}"
rodent:rat,Крыса,true,D,4,1700,7,Укус,predatorBite,Сильный укус,13,1,3,piercing:100%,meleeCombat,72,82,91,meleeAttack:2 ОД; aimedMeleeAttack:3 ОД,meleeAttack,2,3,Кожаная броня,250,8,8,5,1,68,24.9,52,19,"{""piercing"":3,""slashing"":3,""bludgeoning"":2,""firearm"":2,""energy"":2,""fire"":1,""cryo"":2,""electric"":1,""acid"":2,""poison"":2,""radiation"":3}"
rodent:rat,Крыса,true,D,4,1700,7,Когти,rend,Рубящая,7,1,0,slashing:100%,meleeCombat,72,82,91,meleeAttack:2 ОД; aimedMeleeAttack:3 ОД,meleeAttack,2,3,Кожаная броня,250,0,0,7,30,133,48.7,97,35.5,"{""piercing"":3,""slashing"":3,""bludgeoning"":2,""firearm"":2,""energy"":2,""fire"":1,""cryo"":2,""electric"":1,""acid"":2,""poison"":2,""radiation"":3}"
rodent:mole-rat,Кротокрыс,true,D,10,8750,7,Укус,predatorBite,Сильный укус,21,1,4,piercing:100%,meleeCombat,72,82,91,meleeAttack:3 ОД; aimedMeleeAttack:4 ОД,meleeAttack,3,2,Кожаная броня,250,17,17,4,1,38,20.9,33,18.1,"{""piercing"":7,""slashing"":8,""bludgeoning"":6,""firearm"":6,""energy"":4,""fire"":3,""cryo"":4,""electric"":3,""acid"":4,""poison"":6,""radiation"":7}"
rodent:mole-rat,Кротокрыс,true,D,10,8750,7,Рывок,impact,Силовая,18,1,0,bludgeoning:100%,meleeCombat,72,82,91,meleeAttack:5 ОД; aimedMeleeAttack:6 ОД,meleeAttack,5,1,Кожаная броня,250,9,9,14,1,47,51.6,38,41.8,"{""piercing"":7,""slashing"":8,""bludgeoning"":6,""firearm"":6,""energy"":4,""fire"":3,""cryo"":4,""electric"":3,""acid"":4,""poison"":6,""radiation"":7}"
rodent:armored-mole-rat,Бронированный кротокрыс,true,C,20,32500,9,Укус,predatorBite,Сильный укус,35,1,8,piercing:100%,meleeCombat,82,82,95,meleeAttack:4 ОД; aimedMeleeAttack:5 ОД,meleeAttack,4,2,Боевая броня,650,6,6,29,1,39,20.5,20,10.5,"{""piercing"":38,""slashing"":43,""bludgeoning"":23,""firearm"":36,""energy"":18,""fire"":9,""cryo"":20,""electric"":13,""acid"":20,""poison"":29,""radiation"":32}"
rodent:armored-mole-rat,Бронированный кротокрыс,true,C,20,32500,9,Рывок,impact,Силовая,28,1,0,bludgeoning:100%,meleeCombat,82,82,95,meleeAttack:6 ОД; aimedMeleeAttack:7 ОД,meleeAttack,6,1,Боевая броня,650,4,4,36,1,40,42.1,25,26.3,"{""piercing"":38,""slashing"":43,""bludgeoning"":23,""firearm"":36,""energy"":18,""fire"":9,""cryo"":20,""electric"":13,""acid"":20,""poison"":29,""radiation"":32}"
brahmin:ordinary,Дикий брамин,true,D,8,5800,9,Рога,horn,Таранный прокол,24,1,4,piercing:100%,meleeCombat,74,82,93,meleeAttack:3 ОД; aimedMeleeAttack:4 ОД,meleeAttack,3,3,Кожаная броня,250,20,20,4,1,33,11.8,29,10.4,"{""piercing"":7,""slashing"":8,""bludgeoning"":6,""firearm"":6,""energy"":4,""fire"":3,""cryo"":4,""electric"":3,""acid"":4,""poison"":6,""radiation"":7}"
brahmin:ordinary,Дикий брамин,true,D,8,5800,9,Копыта,impact,Силовая,24,1,0,bludgeoning:100%,meleeCombat,74,82,93,meleeAttack:3 ОД; aimedMeleeAttack:4 ОД,meleeAttack,3,3,Кожаная броня,250,15,15,14,1,35,12.5,29,10.4,"{""piercing"":7,""slashing"":8,""bludgeoning"":6,""firearm"":6,""energy"":4,""fire"":3,""cryo"":4,""electric"":3,""acid"":4,""poison"":6,""radiation"":7}"
horse:pack,Вьючная лошадь,true,D,5,2500,11,Копыта,impact,Силовая,18,1,0,bludgeoning:100%,meleeCombat,88,82,95,meleeAttack:3 ОД; aimedMeleeAttack:4 ОД,meleeAttack,3,3,Кожаная броня,250,9,9,14,1,47,16.5,38,13.3,"{""piercing"":5,""slashing"":6,""bludgeoning"":5,""firearm"":4,""energy"":3,""fire"":2,""cryo"":3,""electric"":2,""acid"":3,""poison"":5,""radiation"":5}"
horse:pack,Вьючная лошадь,true,D,5,2500,11,Укус,puncture,Пробивная,13,1,1,piercing:100%,meleeCombat,88,82,95,meleeAttack:3 ОД; aimedMeleeAttack:4 ОД,meleeAttack,3,3,Кожаная броня,250,6,6,7,1,72,25.3,52,18.2,"{""piercing"":5,""slashing"":6,""bludgeoning"":5,""firearm"":4,""energy"":3,""fire"":2,""cryo"":3,""electric"":2,""acid"":3,""poison"":5,""radiation"":5}"
canine:dog,Собака Пустошей,true,D,6,3450,9,Укус,predatorBite,Сильный укус,20,1,3,piercing:100%,meleeCombat,74,82,93,meleeAttack:2 ОД; aimedMeleeAttack:3 ОД,meleeAttack,2,4,Кожаная броня,250,15,15,5,1,42,11.3,34,9.1,"{""piercing"":4,""slashing"":4,""bludgeoning"":3,""firearm"":3,""energy"":2,""fire"":1,""cryo"":2,""electric"":1,""acid"":2,""poison"":3,""radiation"":4}"
canine:dog,Собака Пустошей,true,D,6,3450,9,Наскок,impact,Силовая,13,1,0,bludgeoning:100%,meleeCombat,74,82,93,meleeAttack:4 ОД; aimedMeleeAttack:5 ОД,meleeAttack,4,2,Кожаная броня,250,4,4,14,1,65,34.9,52,28,"{""piercing"":4,""slashing"":4,""bludgeoning"":3,""firearm"":3,""energy"":2,""fire"":1,""cryo"":2,""electric"":1,""acid"":2,""poison"":3,""radiation"":4}"
canine:feral-dog,Одичавшая собака,true,D,10,8750,10,Укус,predatorBite,Сильный укус,24,1,5,piercing:100%,meleeCombat,78,82,95,meleeAttack:3 ОД; aimedMeleeAttack:4 ОД,meleeAttack,3,3,Кожаная броня,250,21,21,3,1,32,11.2,29,10.2,"{""piercing"":5,""slashing"":5,""bludgeoning"":4,""firearm"":4,""energy"":3,""fire"":2,""cryo"":3,""electric"":2,""acid"":3,""poison"":4,""radiation"":5}"
canine:feral-dog,Одичавшая собака,true,D,10,8750,10,Наскок,impact,Силовая,16,1,0,bludgeoning:100%,meleeCombat,78,82,95,meleeAttack:3 ОД; aimedMeleeAttack:4 ОД,meleeAttack,3,3,Кожаная броня,250,7,7,14,1,53,18.6,43,15.1,"{""piercing"":5,""slashing"":5,""bludgeoning"":4,""firearm"":4,""energy"":3,""fire"":2,""cryo"":3,""electric"":2,""acid"":3,""poison"":4,""radiation"":5}"
canine:wolf,Волк Пустошей,true,C,22,39050,11,Укус,predatorBite,Сильный укус,40,1,15,piercing:100%,meleeCombat,100,82,95,meleeAttack:4 ОД; aimedMeleeAttack:5 ОД,meleeAttack,4,2,Боевая броня,650,18,18,22,1,29,15.3,17,8.9,"{""piercing"":16,""slashing"":18,""bludgeoning"":14,""firearm"":13,""energy"":9,""fire"":6,""cryo"":10,""electric"":6,""acid"":10,""poison"":14,""radiation"":16}"
canine:wolf,Волк Пустошей,true,C,22,39050,11,Наскок,impact,Силовая,27,1,0,bludgeoning:100%,meleeCombat,100,82,95,meleeAttack:4 ОД; aimedMeleeAttack:5 ОД,meleeAttack,4,2,Боевая броня,650,3,3,36,1,42,22.1,25,13.2,"{""piercing"":16,""slashing"":18,""bludgeoning"":14,""firearm"":13,""energy"":9,""fire"":6,""cryo"":10,""electric"":6,""acid"":10,""poison"":14,""radiation"":16}"
canine:diseased-wolf,Больной волк,true,C,23,42550,11,Укус,predatorBite,Сильный укус,40,1,13,piercing:70% + poison:30%,meleeCombat,100,82,95,meleeAttack:4 ОД; aimedMeleeAttack:5 ОД,meleeAttack,4,2,Боевая броня,650,16,4,24,1,30,15.8,17,8.9,"{""piercing"":14,""slashing"":16,""bludgeoning"":12,""firearm"":12,""energy"":8,""fire"":6,""cryo"":9,""electric"":6,""acid"":9,""poison"":13,""radiation"":14}"
canine:diseased-wolf,Больной волк,true,C,23,42550,11,Наскок,impact,Силовая,26,1,0,bludgeoning:100%,meleeCombat,100,82,95,meleeAttack:4 ОД; aimedMeleeAttack:5 ОД,meleeAttack,4,2,Боевая броня,650,2,2,36,1,43,22.6,26,13.7,"{""piercing"":14,""slashing"":16,""bludgeoning"":12,""firearm"":12,""energy"":8,""fire"":6,""cryo"":9,""electric"":6,""acid"":9,""poison"":13,""radiation"":14}"
yao-guai:ordinary,Яо-гай-охотник,true,B,42,137550,12,Когти,rend,Рубящая,95,2,5,slashing:100%,meleeCombat,130,82,95,meleeAttack:5 ОД; aimedMeleeAttack:6 ОД,meleeAttack,5,2,"Боевая броня, усиленная",1011,19,19,76,1,18,9.5,8,4.2,"{""piercing"":50,""slashing"":55,""bludgeoning"":41,""firearm"":40,""energy"":28,""fire"":19,""cryo"":30,""electric"":19,""acid"":30,""poison"":44,""radiation"":50}"
yao-guai:ordinary,Яо-гай-охотник,true,B,42,137550,12,Укус,puncture,Пробивная,70,1,54,piercing:100%,meleeCombat,130,82,95,meleeAttack:5 ОД; aimedMeleeAttack:6 ОД,meleeAttack,5,2,"Боевая броня, усиленная",1011,67,67,3,1,11,5.8,10,5.3,"{""piercing"":50,""slashing"":55,""bludgeoning"":41,""firearm"":40,""energy"":28,""fire"":19,""cryo"":30,""electric"":19,""acid"":30,""poison"":44,""radiation"":50}"
yao-guai:ordinary,Яо-гай-охотник,true,B,42,137550,12,Таран,impact,Силовая,85,1,1,bludgeoning:100%,meleeCombat,130,82,95,meleeAttack:9 ОД; aimedMeleeAttack:10 ОД,meleeAttack,9,1,"Боевая броня, усиленная",1011,48,48,56,1,13,13.7,8,8.4,"{""piercing"":50,""slashing"":55,""bludgeoning"":41,""firearm"":40,""energy"":28,""fire"":19,""cryo"":30,""electric"":19,""acid"":30,""poison"":44,""radiation"":50}"
yao-guai:grizzly,Мутировавший гризли,true,B,50,193750,13,Когти,rend,Рубящая,110,2,6,slashing:100%,meleeCombat,138,82,95,meleeAttack:5 ОД; aimedMeleeAttack:6 ОД,meleeAttack,5,2,"Боевая броня, усиленная",1011,36,36,74,1,14,7.4,7,3.7,"{""piercing"":59,""slashing"":65,""bludgeoning"":49,""firearm"":47,""energy"":33,""fire"":23,""cryo"":36,""electric"":23,""acid"":36,""poison"":52,""radiation"":59}"
yao-guai:grizzly,Мутировавший гризли,true,B,50,193750,13,Укус,puncture,Пробивная,80,1,66,piercing:100%,meleeCombat,138,82,95,meleeAttack:5 ОД; aimedMeleeAttack:6 ОД,meleeAttack,5,2,"Боевая броня, усиленная",1011,80,80,0,1,9,4.7,9,4.7,"{""piercing"":59,""slashing"":65,""bludgeoning"":49,""firearm"":47,""energy"":33,""fire"":23,""cryo"":36,""electric"":23,""acid"":36,""poison"":52,""radiation"":59}"
yao-guai:grizzly,Мутировавший гризли,true,B,50,193750,13,Таран,impact,Силовая,100,2,2,bludgeoning:100%,meleeCombat,138,82,95,meleeAttack:9 ОД; aimedMeleeAttack:10 ОД,meleeAttack,9,1,"Боевая броня, усиленная",1011,28,28,108,1,14,14.7,7,7.4,"{""piercing"":59,""slashing"":65,""bludgeoning"":49,""firearm"":47,""energy"":33,""fire"":23,""cryo"":36,""electric"":23,""acid"":36,""poison"":52,""radiation"":59}"
yao-guai:bloodthirsty,Кровожадный гризли,true,A,65,325000,15,Когти,rend,Рубящая,160,3,9,slashing:100%,meleeCombat,184,82,95,meleeAttack:7 ОД; aimedMeleeAttack:8 ОД,meleeAttack,7,2,Силовая броня T-60,3400,0,0,160,22,26,13.7,5,2.6,"{""piercing"":81,""slashing"":90,""bludgeoning"":68,""firearm"":65,""energy"":45,""fire"":31,""cryo"":50,""electric"":31,""acid"":50,""poison"":72,""radiation"":81}"
yao-guai:bloodthirsty,Кровожадный гризли,true,A,65,325000,15,Укус,puncture,Пробивная,115,2,98,piercing:100%,meleeCombat,184,82,95,meleeAttack:7 ОД; aimedMeleeAttack:8 ОД,meleeAttack,7,2,Силовая броня T-60,3400,0,0,115,25,36,18.9,6,3.2,"{""piercing"":81,""slashing"":90,""bludgeoning"":68,""firearm"":65,""energy"":45,""fire"":31,""cryo"":50,""electric"":31,""acid"":50,""poison"":72,""radiation"":81}"
yao-guai:bloodthirsty,Кровожадный гризли,true,A,65,325000,15,Таран,impact,Силовая,145,3,3,bludgeoning:100%,meleeCombat,184,82,95,meleeAttack:11 ОД; aimedMeleeAttack:12 ОД,meleeAttack,11,1,Силовая броня T-60,3400,0,0,218,16,21,22.1,5,5.3,"{""piercing"":81,""slashing"":90,""bludgeoning"":68,""firearm"":65,""energy"":45,""fire"":31,""cryo"":50,""electric"":31,""acid"":50,""poison"":72,""radiation"":81}"
gecko:ordinary,Геккон,true,D,6,3450,9,Укус,predatorBite,Сильный укус,16,1,3,piercing:100%,meleeCombat,70,82,89,meleeAttack:3 ОД; aimedMeleeAttack:4 ОД,meleeAttack,3,3,Кожаная броня,250,11,11,5,1,54,20.2,43,16.1,"{""piercing"":5,""slashing"":6,""bludgeoning"":5,""firearm"":4,""energy"":3,""fire"":2,""cryo"":3,""electric"":2,""acid"":3,""poison"":5,""radiation"":5}"
gecko:ordinary,Геккон,true,D,6,3450,9,Хвост,lash,Хлёсткая,12,1,0,bludgeoning:100%,meleeCombat,70,82,89,meleeAttack:3 ОД; aimedMeleeAttack:4 ОД,meleeAttack,3,3,Кожаная броня,250,3,3,14,1,70,26.2,57,21.3,"{""piercing"":5,""slashing"":6,""bludgeoning"":5,""firearm"":4,""energy"":3,""fire"":2,""cryo"":3,""electric"":2,""acid"":3,""poison"":5,""radiation"":5}"
gecko:hunter,Геккон-охотник,true,C,18,26550,11,Укус,predatorBite,Сильный укус,35,1,10,piercing:100%,meleeCombat,96,82,95,meleeAttack:4 ОД; aimedMeleeAttack:5 ОД,meleeAttack,4,2,Боевая броня,650,8,8,27,1,39,20.5,20,10.5,"{""piercing"":18,""slashing"":20,""bludgeoning"":15,""firearm"":14,""energy"":10,""fire"":7,""cryo"":11,""electric"":7,""acid"":11,""poison"":16,""radiation"":18}"
gecko:hunter,Геккон-охотник,true,C,18,26550,11,Хвост,lash,Хлёсткая,26,1,2,bludgeoning:100%,meleeCombat,96,82,95,meleeAttack:4 ОД; aimedMeleeAttack:5 ОД,meleeAttack,4,2,Боевая броня,650,4,4,33,1,43,22.6,26,13.7,"{""piercing"":18,""slashing"":20,""bludgeoning"":15,""firearm"":14,""energy"":10,""fire"":7,""cryo"":11,""electric"":7,""acid"":11,""poison"":16,""radiation"":18}"
gecko:golden,Золотой геккон,true,C,24,46200,10,Укус,predatorBite,Сильный укус,40,1,14,piercing:100%,meleeCombat,102,82,95,meleeAttack:4 ОД; aimedMeleeAttack:5 ОД,meleeAttack,4,2,Боевая броня,650,17,17,23,1,29,15.3,17,8.9,"{""piercing"":23,""slashing"":25,""bludgeoning"":19,""firearm"":18,""energy"":13,""fire"":9,""cryo"":14,""electric"":9,""acid"":14,""poison"":20,""radiation"":23}"
gecko:golden,Золотой геккон,true,C,24,46200,10,Хвост,lash,Хлёсткая,30,1,2,bludgeoning:100%,meleeCombat,102,82,95,meleeAttack:4 ОД; aimedMeleeAttack:5 ОД,meleeAttack,4,2,Боевая броня,650,8,8,33,1,38,20,23,12.1,"{""piercing"":23,""slashing"":25,""bludgeoning"":19,""firearm"":18,""energy"":13,""fire"":9,""cryo"":14,""electric"":9,""acid"":14,""poison"":20,""radiation"":23}"
gecko:fire,Огненный геккон,true,C,24,46200,10,Укус,predatorBite,Сильный укус,40,1,12,piercing:100%,meleeCombat,100,82,95,meleeAttack:4 ОД; aimedMeleeAttack:5 ОД,meleeAttack,4,2,Боевая броня,650,15,15,25,1,31,16.3,17,8.9,"{""piercing"":20,""slashing"":22,""bludgeoning"":17,""firearm"":16,""energy"":11,""fire"":8,""cryo"":12,""electric"":8,""acid"":12,""poison"":18,""radiation"":20}"
gecko:fire,Огненный геккон,true,C,24,46200,10,Пламя,flame,Огненная струя,35,1,2,fire:100%,rangedCombat,100,82,95,snapshot:7 ОД; aimedShot:8 ОД,snapshot,7,1,Боевая броня,650,18,9,17,1,33,34.7,20,21.1,"{""piercing"":20,""slashing"":22,""bludgeoning"":17,""firearm"":16,""energy"":11,""fire"":8,""cryo"":12,""electric"":8,""acid"":12,""poison"":18,""radiation"":20}"
gecko:fire,Огненный геккон,true,C,24,46200,10,Хвост,lash,Хлёсткая,29,1,2,bludgeoning:100%,meleeCombat,100,82,95,meleeAttack:4 ОД; aimedMeleeAttack:5 ОД,meleeAttack,4,2,Боевая броня,650,7,7,33,1,39,20.5,24,12.6,"{""piercing"":20,""slashing"":22,""bludgeoning"":17,""firearm"":16,""energy"":11,""fire"":8,""cryo"":12,""electric"":8,""acid"":12,""poison"":18,""radiation"":20}"
gecko:poison,Ядовитый геккон,true,C,22,39050,10,Укус,predatorBite,Сильный укус,35,1,10,piercing:60% + poison:40%,meleeCombat,100,82,95,meleeAttack:4 ОД; aimedMeleeAttack:5 ОД,meleeAttack,4,2,Боевая броня,650,14,0,21,1,38,20,20,10.5,"{""piercing"":18,""slashing"":20,""bludgeoning"":15,""firearm"":14,""energy"":10,""fire"":7,""cryo"":11,""electric"":7,""acid"":11,""poison"":16,""radiation"":18}"
gecko:poison,Ядовитый геккон,true,C,22,39050,10,Хвост,lash,Хлёсткая,27,1,2,bludgeoning:100%,meleeCombat,100,82,95,meleeAttack:4 ОД; aimedMeleeAttack:5 ОД,meleeAttack,4,2,Боевая броня,650,5,5,33,1,42,22.1,25,13.2,"{""piercing"":18,""slashing"":20,""bludgeoning"":15,""firearm"":14,""energy"":10,""fire"":7,""cryo"":11,""electric"":7,""acid"":11,""poison"":16,""radiation"":18}"
mutant-lizard:ordinary,Ящерица Пустошей,true,C,16,21200,9,Укус,puncture,Пробивная,24,1,10,piercing:100%,meleeCombat,88,82,95,meleeAttack:4 ОД; aimedMeleeAttack:5 ОД,meleeAttack,4,2,Боевая броня,650,0,0,24,7,56,29.5,29,15.3,"{""piercing"":14,""slashing"":16,""bludgeoning"":12,""firearm"":12,""energy"":8,""fire"":6,""cryo"":9,""electric"":6,""acid"":9,""poison"":13,""radiation"":14}"
mutant-lizard:ordinary,Ящерица Пустошей,true,C,16,21200,9,Хвост,lash,Хлёсткая,23,1,1,bludgeoning:100%,meleeCombat,88,82,95,meleeAttack:4 ОД; aimedMeleeAttack:5 ОД,meleeAttack,4,2,Боевая броня,650,0,0,35,5,49,25.8,30,15.8,"{""piercing"":14,""slashing"":16,""bludgeoning"":12,""firearm"":12,""energy"":8,""fire"":6,""cryo"":9,""electric"":6,""acid"":9,""poison"":13,""radiation"":14}"
night-stalker:ordinary,Ночной охотник,true,B,34,90950,13,Укус,predatorBite,Сильный укус,65,1,27,piercing:70% + poison:30%,meleeCombat,145,82,95,meleeAttack:5 ОД; aimedMeleeAttack:6 ОД,meleeAttack,5,2,"Боевая броня, усиленная",1011,35,16,30,1,18,9.5,11,5.8,"{""piercing"":32,""slashing"":35,""bludgeoning"":26,""firearm"":25,""energy"":18,""fire"":12,""cryo"":19,""electric"":12,""acid"":19,""poison"":28,""radiation"":32}"
night-stalker:ordinary,Ночной охотник,true,B,34,90950,13,Хвост,lash,Хлёсткая,50,1,4,slashing:100%,meleeCombat,145,82,95,meleeAttack:5 ОД; aimedMeleeAttack:6 ОД,meleeAttack,5,2,"Боевая броня, усиленная",1011,11,11,39,1,33,17.4,14,7.4,"{""piercing"":32,""slashing"":35,""bludgeoning"":26,""firearm"":25,""energy"":18,""fire"":12,""cryo"":19,""electric"":12,""acid"":19,""poison"":28,""radiation"":32}"
honey-badger:ordinary,Медоед-падальщик,true,C,20,32500,11,Укус,predatorBite,Сильный укус,40,1,11,piercing:100%,meleeCombat,95,82,95,meleeAttack:4 ОД; aimedMeleeAttack:5 ОД,meleeAttack,4,2,Боевая броня,650,14,14,26,1,31,16.3,17,8.9,"{""piercing"":16,""slashing"":18,""bludgeoning"":14,""firearm"":13,""energy"":9,""fire"":6,""cryo"":10,""electric"":6,""acid"":10,""poison"":14,""radiation"":16}"
honey-badger:ordinary,Медоед-падальщик,true,C,20,32500,11,Когти,rend,Рубящая,40,1,3,slashing:100%,meleeCombat,95,82,95,meleeAttack:4 ОД; aimedMeleeAttack:5 ОД,meleeAttack,4,2,Боевая броня,650,16,16,24,1,32,16.8,17,8.9,"{""piercing"":16,""slashing"":18,""bludgeoning"":14,""firearm"":13,""energy"":9,""fire"":6,""cryo"":10,""electric"":6,""acid"":10,""poison"":14,""radiation"":16}"
honey-badger:bone-plated,Костяной медоед,true,B,34,90950,12,Укус,predatorBite,Сильный укус,65,1,25,piercing:100%,meleeCombat,128,82,95,meleeAttack:5 ОД; aimedMeleeAttack:6 ОД,meleeAttack,5,2,"Боевая броня, усиленная",1011,33,33,32,1,18,9.5,11,5.8,"{""piercing"":45,""slashing"":50,""bludgeoning"":38,""firearm"":36,""energy"":25,""fire"":18,""cryo"":28,""electric"":18,""acid"":28,""poison"":40,""radiation"":45}"
honey-badger:bone-plated,Костяной медоед,true,B,34,90950,12,Когти,rend,Рубящая,70,1,7,slashing:100%,meleeCombat,128,82,95,meleeAttack:5 ОД; aimedMeleeAttack:6 ОД,meleeAttack,5,2,"Боевая броня, усиленная",1011,34,34,36,1,18,9.5,10,5.3,"{""piercing"":45,""slashing"":50,""bludgeoning"":38,""firearm"":36,""energy"":25,""fire"":18,""cryo"":28,""electric"":18,""acid"":28,""poison"":40,""radiation"":45}"
honey-badger:legendary,Легендарный медоед,true,A,60,277500,14,Укус,predatorBite,Сильный укус,120,2,54,piercing:100%,meleeCombat,176,82,95,meleeAttack:7 ОД; aimedMeleeAttack:8 ОД,meleeAttack,7,2,Силовая броня T-60,3400,0,0,120,29,35,18.4,6,3.2,"{""piercing"":72,""slashing"":80,""bludgeoning"":60,""firearm"":58,""energy"":40,""fire"":28,""cryo"":44,""electric"":28,""acid"":44,""poison"":64,""radiation"":72}"
honey-badger:legendary,Легендарный медоед,true,A,60,277500,14,Когти,rend,Рубящая,130,3,15,slashing:100%,meleeCombat,176,82,95,meleeAttack:7 ОД; aimedMeleeAttack:8 ОД,meleeAttack,7,2,Силовая броня T-60,3400,0,0,130,27,32,16.8,6,3.2,"{""piercing"":72,""slashing"":80,""bludgeoning"":60,""firearm"":58,""energy"":40,""fire"":28,""cryo"":44,""electric"":28,""acid"":44,""poison"":64,""radiation"":72}"
radroach:ordinary,Радтаракан,true,D,1,200,6,Укус,puncture,Пробивная,4,1,1,piercing:100%,meleeCombat,58,82,77,meleeAttack:3 ОД; aimedMeleeAttack:4 ОД,meleeAttack,3,2,Кожаная броня,250,0,0,4,51,232,150.6,169,109.7,"{""piercing"":2,""slashing"":2,""bludgeoning"":1,""firearm"":2,""energy"":1,""fire"":1,""cryo"":1,""electric"":1,""acid"":1,""poison"":2,""radiation"":2}"
radroach:ordinary,Радтаракан,true,D,1,200,6,Плевок,toxin,Отложенный яд,4,1,0,poison:100%,rangedCombat,58,82,77,snapshot:3 ОД; aimedShot:4 ОД,snapshot,3,2,Кожаная броня,250,4,0,0,1,169,109.7,169,109.7,"{""piercing"":2,""slashing"":2,""bludgeoning"":1,""firearm"":2,""energy"":1,""fire"":1,""cryo"":1,""electric"":1,""acid"":1,""poison"":2,""radiation"":2}"
radroach:glowing,Светящийся радтаракан,true,D,8,5800,7,Укус,puncture,Пробивная,13,1,3,piercing:55% + radiation:45%,meleeCombat,70,82,89,meleeAttack:3 ОД; aimedMeleeAttack:4 ОД,meleeAttack,3,2,Кожаная броня,250,2,2,5,1,133,74.7,97,54.5,"{""piercing"":5,""slashing"":6,""bludgeoning"":3,""firearm"":5,""energy"":3,""fire"":1,""cryo"":3,""electric"":2,""acid"":3,""poison"":4,""radiation"":5}"
radroach:glowing,Светящийся радтаракан,true,D,8,5800,7,Плевок,toxin,Отложенный яд,13,1,0,poison:55% + radiation:45%,rangedCombat,70,82,89,snapshot:3 ОД; aimedShot:4 ОД,snapshot,3,2,Кожаная броня,250,7,0,0,1,97,54.5,97,54.5,"{""piercing"":5,""slashing"":6,""bludgeoning"":3,""firearm"":5,""energy"":3,""fire"":1,""cryo"":3,""electric"":2,""acid"":3,""poison"":4,""radiation"":5}"
ant:worker,Муравей-рабочий,true,D,5,2500,8,Жвалы,shear,Захват и разрыв,13,1,1,slashing:100%,meleeCombat,65,82,84,meleeAttack:3 ОД; aimedMeleeAttack:4 ОД,meleeAttack,3,2,Кожаная броня,250,3,3,10,1,72,42.9,52,31,"{""piercing"":6,""slashing"":7,""bludgeoning"":4,""firearm"":6,""energy"":3,""fire"":2,""cryo"":3,""electric"":2,""acid"":3,""poison"":5,""radiation"":5}"
ant:worker,Муравей-рабочий,true,D,5,2500,8,Захват,impact,Силовая,8,1,0,bludgeoning:100%,meleeCombat,65,82,84,meleeAttack:3 ОД; aimedMeleeAttack:4 ОД,meleeAttack,3,2,Кожаная броня,250,0,0,12,10,106,63.1,85,50.6,"{""piercing"":6,""slashing"":7,""bludgeoning"":4,""firearm"":6,""energy"":3,""fire"":2,""cryo"":3,""electric"":2,""acid"":3,""poison"":5,""radiation"":5}"
ant:forager,Муравей-фуражир,true,D,3,1050,8,Жвалы,shear,Захват и разрыв,9,1,0,slashing:100%,meleeCombat,64,82,83,meleeAttack:3 ОД; aimedMeleeAttack:4 ОД,meleeAttack,3,2,Кожаная броня,250,0,0,9,13,104,62.7,75,45.2,"{""piercing"":5,""slashing"":6,""bludgeoning"":3,""firearm"":5,""energy"":3,""fire"":1,""cryo"":3,""electric"":2,""acid"":3,""poison"":4,""radiation"":5}"
ant:forager,Муравей-фуражир,true,D,3,1050,8,Захват,impact,Силовая,6,1,0,bludgeoning:100%,meleeCombat,64,82,83,meleeAttack:3 ОД; aimedMeleeAttack:4 ОД,meleeAttack,3,2,Кожаная броня,250,0,0,9,24,141,84.9,113,68.1,"{""piercing"":5,""slashing"":6,""bludgeoning"":3,""firearm"":5,""energy"":3,""fire"":1,""cryo"":3,""electric"":2,""acid"":3,""poison"":4,""radiation"":5}"
ant:scout,Муравей-разведчик,true,D,8,5800,9,Жвалы,shear,Захват и разрыв,14,1,1,slashing:100%,meleeCombat,76,82,95,meleeAttack:2 ОД; aimedMeleeAttack:3 ОД,meleeAttack,2,4,Кожаная броня,250,4,4,10,1,67,17.6,49,12.9,"{""piercing"":5,""slashing"":6,""bludgeoning"":3,""firearm"":5,""energy"":3,""fire"":1,""cryo"":3,""electric"":2,""acid"":3,""poison"":4,""radiation"":5}"
ant:scout,Муравей-разведчик,true,D,8,5800,9,Захват,impact,Силовая,9,1,0,bludgeoning:100%,meleeCombat,76,82,95,meleeAttack:2 ОД; aimedMeleeAttack:3 ОД,meleeAttack,2,4,Кожаная броня,250,0,0,14,5,94,24.7,75,19.7,"{""piercing"":5,""slashing"":6,""bludgeoning"":3,""firearm"":5,""energy"":3,""fire"":1,""cryo"":3,""electric"":2,""acid"":3,""poison"":4,""radiation"":5}"
ant:fire,Огненный муравей,true,C,18,26550,9,Жвалы,shear,Захват и разрыв,30,1,2,slashing:100%,meleeCombat,90,82,95,meleeAttack:4 ОД; aimedMeleeAttack:5 ОД,meleeAttack,4,2,Боевая броня,650,5,5,25,1,45,23.7,23,12.1,"{""piercing"":21,""slashing"":24,""bludgeoning"":13,""firearm"":20,""energy"":10,""fire"":5,""cryo"":11,""electric"":7,""acid"":11,""poison"":16,""radiation"":18}"
ant:fire,Огненный муравей,true,C,18,26550,9,Пламя,flame,Огненная струя,27,1,2,fire:100%,rangedCombat,90,82,95,snapshot:6 ОД; aimedShot:7 ОД,snapshot,6,1,Боевая броня,650,10,5,17,1,48,50.5,25,26.3,"{""piercing"":21,""slashing"":24,""bludgeoning"":13,""firearm"":20,""energy"":10,""fire"":5,""cryo"":11,""electric"":7,""acid"":11,""poison"":16,""radiation"":18}"
bloatfly:ordinary,Дутень,true,D,4,1700,9,Плевок,toxin,Отложенный яд,10,1,0,poison:100%,rangedCombat,80,82,95,snapshot:3 ОД; aimedShot:4 ОД,snapshot,3,3,Кожаная броня,250,10,0,0,1,68,23.9,68,23.9,"{""piercing"":2,""slashing"":2,""bludgeoning"":1,""firearm"":2,""energy"":1,""fire"":1,""cryo"":1,""electric"":1,""acid"":1,""poison"":2,""radiation"":2}"
bloatfly:ordinary,Дутень,true,D,4,1700,9,Жало,sting,Жало,8,1,1,piercing:60% + poison:40%,meleeCombat,68,82,87,meleeAttack:3 ОД; aimedMeleeAttack:4 ОД,meleeAttack,3,3,Кожаная броня,250,3,0,5,1,116,44.4,85,32.6,"{""piercing"":2,""slashing"":2,""bludgeoning"":1,""firearm"":2,""energy"":1,""fire"":1,""cryo"":1,""electric"":1,""acid"":1,""poison"":2,""radiation"":2}"
bloatfly:queen,Матка дутней,true,C,20,32500,9,Залп,flurry,Серия,14,1,1,poison:100%,rangedCombat,92,82,95,burst:6 ОД×3,burst,6,1,Боевая броня,650,42,0,0,1,17,17.9,17,17.9,"{""piercing"":15,""slashing"":17,""bludgeoning"":9,""firearm"":14,""energy"":7,""fire"":4,""cryo"":8,""electric"":5,""acid"":8,""poison"":11,""radiation"":13}"
bloatfly:queen,Матка дутней,true,C,20,32500,9,Жало,sting,Жало,19,1,9,piercing:60% + poison:40%,meleeCombat,92,82,95,meleeAttack:4 ОД; aimedMeleeAttack:5 ОД,meleeAttack,4,2,Боевая броня,650,8,0,11,1,71,37.4,36,18.9,"{""piercing"":15,""slashing"":17,""bludgeoning"":9,""firearm"":14,""energy"":7,""fire"":4,""cryo"":8,""electric"":5,""acid"":8,""poison"":11,""radiation"":13}"
mantis:ordinary,Гигантский богомол,true,D,10,8750,10,Когти,rend,Рубящая,24,1,1,slashing:100%,meleeCombat,80,82,95,meleeAttack:3 ОД; aimedMeleeAttack:4 ОД,meleeAttack,3,3,Кожаная броня,250,14,14,10,1,39,13.7,29,10.2,"{""piercing"":6,""slashing"":7,""bludgeoning"":4,""firearm"":6,""energy"":3,""fire"":2,""cryo"":3,""electric"":2,""acid"":3,""poison"":5,""radiation"":5}"
mantis:ordinary,Гигантский богомол,true,D,10,8750,10,Укус,puncture,Пробивная,14,1,5,piercing:100%,meleeCombat,80,82,95,meleeAttack:3 ОД; aimedMeleeAttack:4 ОД,meleeAttack,3,3,Кожаная броня,250,11,11,3,1,57,20,49,17.2,"{""piercing"":6,""slashing"":7,""bludgeoning"":4,""firearm"":6,""energy"":3,""fire"":2,""cryo"":3,""electric"":2,""acid"":3,""poison"":5,""radiation"":5}"
cazador:ordinary,Касадор,true,B,38,113050,14,Жало,sting,Жало,40,1,31,piercing:45% + poison:55%,meleeCombat,150,82,95,meleeAttack:4 ОД; aimedMeleeAttack:5 ОД,meleeAttack,4,3,"Боевая броня, усиленная",1011,22,0,18,1,30,10.5,17,6,"{""piercing"":32,""slashing"":36,""bludgeoning"":20,""firearm"":30,""energy"":15,""fire"":8,""cryo"":17,""electric"":11,""acid"":17,""poison"":24,""radiation"":27}"
cazador:ordinary,Касадор,true,B,38,113050,14,Укус,puncture,Пробивная,35,1,22,piercing:100%,meleeCombat,150,82,95,meleeAttack:4 ОД; aimedMeleeAttack:5 ОД,meleeAttack,4,3,"Боевая броня, усиленная",1011,0,0,35,7,48,16.8,20,7,"{""piercing"":32,""slashing"":36,""bludgeoning"":20,""firearm"":30,""energy"":15,""fire"":8,""cryo"":17,""electric"":11,""acid"":17,""poison"":24,""radiation"":27}"
radscorpion:ordinary,Радскорпион,true,B,45,157500,12,Клешни,shear,Захват и разрыв,85,1,7,slashing:100%,meleeCombat,130,82,95,meleeAttack:5 ОД; aimedMeleeAttack:6 ОД,meleeAttack,5,2,"Боевая броня, усиленная",1011,49,49,36,1,14,7.4,8,4.2,"{""piercing"":74,""slashing"":84,""bludgeoning"":46,""firearm"":70,""energy"":35,""fire"":18,""cryo"":39,""electric"":25,""acid"":39,""poison"":56,""radiation"":63}"
radscorpion:ordinary,Радскорпион,true,B,45,157500,12,Жало,sting,Жало,50,1,54,piercing:60% + poison:40%,meleeCombat,130,82,95,meleeAttack:5 ОД; aimedMeleeAttack:6 ОД,meleeAttack,5,2,"Боевая броня, усиленная",1011,47,27,3,1,15,7.9,14,7.4,"{""piercing"":74,""slashing"":84,""bludgeoning"":46,""firearm"":70,""energy"":35,""fire"":18,""cryo"":39,""electric"":25,""acid"":39,""poison"":56,""radiation"":63}"
radscorpion:ordinary,Радскорпион,true,B,45,157500,12,Таран,impact,Силовая,70,1,1,bludgeoning:100%,meleeCombat,130,82,95,meleeAttack:9 ОД; aimedMeleeAttack:10 ОД,meleeAttack,9,1,"Боевая броня, усиленная",1011,33,33,56,1,18,18.9,10,10.5,"{""piercing"":74,""slashing"":84,""bludgeoning"":46,""firearm"":70,""energy"":35,""fire"":18,""cryo"":39,""electric"":25,""acid"":39,""poison"":56,""radiation"":63}"
bombardier-beetle:ordinary,Жук-подрывник,true,C,22,39050,10,Взрыв,explosive,Взрыв,45,1,3,fire:70% + bludgeoning:30%,rangedCombat,92,60,95,volley:7 ОД,volley,7,1,Боевая броня,650,16,8,36,1,27,28.4,15,15.8,"{""piercing"":29,""slashing"":34,""bludgeoning"":18,""firearm"":28,""energy"":14,""fire"":7,""cryo"":15,""electric"":10,""acid"":15,""poison"":22,""radiation"":25}"
bombardier-beetle:ordinary,Жук-подрывник,true,C,22,39050,10,Жвалы,shear,Захват и разрыв,40,1,3,slashing:100%,meleeCombat,92,82,95,meleeAttack:4 ОД; aimedMeleeAttack:5 ОД,meleeAttack,4,2,Боевая броня,650,16,16,24,1,32,16.8,17,8.9,"{""piercing"":29,""slashing"":34,""bludgeoning"":18,""firearm"":28,""energy"":14,""fire"":7,""cryo"":15,""electric"":10,""acid"":15,""poison"":22,""radiation"":25}"
deathclaw:ordinary,Коготь смерти,true,A,68,355300,23,Когти,rend,Рубящая,180,3,23,slashing:100%,meleeCombat,240,82,95,meleeAttack:11 ОД; aimedMeleeAttack:13 ОД,meleeAttack,11,2,Силовая броня T-60,3400,0,0,180,20,23,12.1,4,2.1,"{""piercing"":127,""slashing"":138,""bludgeoning"":115,""firearm"":121,""energy"":81,""fire"":63,""cryo"":63,""electric"":40,""acid"":63,""poison"":92,""radiation"":104}"
deathclaw:ordinary,Коготь смерти,true,A,68,355300,23,Укус,puncture,Пробивная,130,2,114,piercing:100%,meleeCombat,240,82,95,meleeAttack:11 ОД; aimedMeleeAttack:13 ОД,meleeAttack,11,2,Силовая броня T-60,3400,0,0,130,17,29,15.3,6,3.2,"{""piercing"":127,""slashing"":138,""bludgeoning"":115,""firearm"":121,""energy"":81,""fire"":63,""cryo"":63,""electric"":40,""acid"":63,""poison"":92,""radiation"":104}"
deathclaw:ordinary,Коготь смерти,true,A,68,355300,23,Хвост,impact,Силовая,140,3,4,bludgeoning:100%,meleeCombat,240,82,95,meleeAttack:11 ОД; aimedMeleeAttack:13 ОД,meleeAttack,11,2,Силовая броня T-60,3400,0,0,211,17,22,11.6,5,2.6,"{""piercing"":127,""slashing"":138,""bludgeoning"":115,""firearm"":121,""energy"":81,""fire"":63,""cryo"":63,""electric"":40,""acid"":63,""poison"":92,""radiation"":104}"
deathclaw:juvenile,Детёныш когтя смерти,true,B,40,125000,13,Когти,rend,Рубящая,100,2,12,slashing:100%,meleeCombat,145,82,95,meleeAttack:6 ОД; aimedMeleeAttack:7 ОД,meleeAttack,6,2,"Боевая броня, усиленная",1011,38,38,62,1,14,7.4,7,3.7,"{""piercing"":66,""slashing"":72,""bludgeoning"":60,""firearm"":63,""energy"":42,""fire"":33,""cryo"":33,""electric"":21,""acid"":33,""poison"":48,""radiation"":54}"
deathclaw:juvenile,Детёныш когтя смерти,true,B,40,125000,13,Укус,puncture,Пробивная,70,1,60,piercing:100%,meleeCombat,145,82,95,meleeAttack:6 ОД; aimedMeleeAttack:7 ОД,meleeAttack,6,2,"Боевая броня, усиленная",1011,70,70,0,1,10,5.3,10,5.3,"{""piercing"":66,""slashing"":72,""bludgeoning"":60,""firearm"":63,""energy"":42,""fire"":33,""cryo"":33,""electric"":21,""acid"":33,""poison"":48,""radiation"":54}"
deathclaw:juvenile,Детёныш когтя смерти,true,B,40,125000,13,Хвост,impact,Силовая,80,1,2,bludgeoning:100%,meleeCombat,145,82,95,meleeAttack:6 ОД; aimedMeleeAttack:7 ОД,meleeAttack,6,2,"Боевая броня, усиленная",1011,44,44,54,1,14,7.4,9,4.7,"{""piercing"":66,""slashing"":72,""bludgeoning"":60,""firearm"":63,""energy"":42,""fire"":33,""cryo"":33,""electric"":21,""acid"":33,""poison"":48,""radiation"":54}"
deathclaw:hunter,Коготь смерти-охотник,true,A,74,419950,25,Когти,rend,Рубящая,200,4,25,slashing:100%,meleeCombat,256,82,95,meleeAttack:12 ОД; aimedMeleeAttack:14 ОД,meleeAttack,12,2,Силовая броня T-60,3400,0,0,200,18,21,11.1,4,2.1,"{""piercing"":121,""slashing"":132,""bludgeoning"":110,""firearm"":116,""energy"":77,""fire"":61,""cryo"":61,""electric"":39,""acid"":61,""poison"":88,""radiation"":99}"
deathclaw:hunter,Коготь смерти-охотник,true,A,74,419950,25,Укус,puncture,Пробивная,145,2,126,piercing:100%,meleeCombat,256,82,95,meleeAttack:12 ОД; aimedMeleeAttack:14 ОД,meleeAttack,12,2,Силовая броня T-60,3400,0,0,145,10,23,12.1,5,2.6,"{""piercing"":121,""slashing"":132,""bludgeoning"":110,""firearm"":116,""energy"":77,""fire"":61,""cryo"":61,""electric"":39,""acid"":61,""poison"":88,""radiation"":99}"
deathclaw:hunter,Коготь смерти-охотник,true,A,74,419950,25,Хвост,impact,Силовая,155,3,4,bludgeoning:100%,meleeCombat,256,82,95,meleeAttack:12 ОД; aimedMeleeAttack:14 ОД,meleeAttack,12,2,Силовая броня T-60,3400,0,0,233,15,20,10.5,5,2.6,"{""piercing"":121,""slashing"":132,""bludgeoning"":110,""firearm"":116,""energy"":77,""fire"":61,""cryo"":61,""electric"":39,""acid"":61,""poison"":88,""radiation"":99}"
deathclaw:alpha,Альфа-коготь смерти,true,A,80,490000,24,Когти,rend,Рубящая,220,4,28,slashing:100%,meleeCombat,258,82,95,meleeAttack:11 ОД; aimedMeleeAttack:13 ОД,meleeAttack,11,2,Силовая броня T-60,3400,0,0,220,16,19,10,4,2.1,"{""piercing"":143,""slashing"":156,""bludgeoning"":130,""firearm"":137,""energy"":91,""fire"":72,""cryo"":72,""electric"":46,""acid"":72,""poison"":104,""radiation"":117}"
deathclaw:alpha,Альфа-коготь смерти,true,A,80,490000,24,Укус,puncture,Пробивная,160,2,142,piercing:100%,meleeCombat,258,82,95,meleeAttack:11 ОД; aimedMeleeAttack:13 ОД,meleeAttack,11,2,Силовая броня T-60,3400,0,0,160,5,17,8.9,5,2.6,"{""piercing"":143,""slashing"":156,""bludgeoning"":130,""firearm"":137,""energy"":91,""fire"":72,""cryo"":72,""electric"":46,""acid"":72,""poison"":104,""radiation"":117}"
deathclaw:alpha,Альфа-коготь смерти,true,A,80,490000,24,Хвост,impact,Силовая,170,4,5,bludgeoning:100%,meleeCombat,258,82,95,meleeAttack:11 ОД; aimedMeleeAttack:13 ОД,meleeAttack,11,2,Силовая броня T-60,3400,0,0,256,14,18,9.5,4,2.1,"{""piercing"":143,""slashing"":156,""bludgeoning"":130,""firearm"":137,""energy"":91,""fire"":72,""cryo"":72,""electric"":46,""acid"":72,""poison"":104,""radiation"":117}"
deathclaw:alpha-hunter,Альфа-охотник,true,S,84,539700,27,Когти,rend,Рубящая,230,4,31,slashing:100%,meleeCombat,276,82,95,meleeAttack:13 ОД; aimedMeleeAttack:15 ОД,meleeAttack,13,2,Силовая броня T-65,4800,0,0,230,22,24,12.6,3,1.6,"{""piercing"":149,""slashing"":162,""bludgeoning"":135,""firearm"":142,""energy"":95,""fire"":74,""cryo"":74,""electric"":47,""acid"":74,""poison"":108,""radiation"":122}"
deathclaw:alpha-hunter,Альфа-охотник,true,S,84,539700,27,Укус,puncture,Пробивная,165,3,152,piercing:100%,meleeCombat,276,82,95,meleeAttack:13 ОД; aimedMeleeAttack:15 ОД,meleeAttack,13,2,Силовая броня T-65,4800,0,0,165,24,34,17.9,5,2.6,"{""piercing"":149,""slashing"":162,""bludgeoning"":135,""firearm"":142,""energy"":95,""fire"":74,""cryo"":74,""electric"":47,""acid"":74,""poison"":108,""radiation"":122}"
deathclaw:alpha-hunter,Альфа-охотник,true,S,84,539700,27,Хвост,impact,Силовая,180,4,5,bludgeoning:100%,meleeCombat,276,82,95,meleeAttack:13 ОД; aimedMeleeAttack:15 ОД,meleeAttack,13,2,Силовая броня T-65,4800,0,0,272,18,22,11.6,4,2.1,"{""piercing"":149,""slashing"":162,""bludgeoning"":135,""firearm"":142,""energy"":95,""fire"":74,""cryo"":74,""electric"":47,""acid"":74,""poison"":108,""radiation"":122}"
deathclaw:albino,Коготь смерти-альбинос,true,A,80,490000,26,Когти,rend,Рубящая,210,4,27,slashing:100%,meleeCombat,268,82,95,meleeAttack:12 ОД; aimedMeleeAttack:14 ОД,meleeAttack,12,2,Силовая броня T-60,3400,0,0,210,17,20,10.5,4,2.1,"{""piercing"":138,""slashing"":150,""bludgeoning"":125,""firearm"":131,""energy"":88,""fire"":69,""cryo"":69,""electric"":44,""acid"":69,""poison"":100,""radiation"":113}"
deathclaw:albino,Коготь смерти-альбинос,true,A,80,490000,26,Укус,puncture,Пробивная,150,2,134,piercing:100%,meleeCombat,268,82,95,meleeAttack:12 ОД; aimedMeleeAttack:14 ОД,meleeAttack,12,2,Силовая броня T-60,3400,0,0,150,6,20,10.5,5,2.6,"{""piercing"":138,""slashing"":150,""bludgeoning"":125,""firearm"":131,""energy"":88,""fire"":69,""cryo"":69,""electric"":44,""acid"":69,""poison"":100,""radiation"":113}"
deathclaw:albino,Коготь смерти-альбинос,true,A,80,490000,26,Хвост,impact,Силовая,165,3,5,bludgeoning:100%,meleeCombat,268,82,95,meleeAttack:12 ОД; aimedMeleeAttack:14 ОД,meleeAttack,12,2,Силовая броня T-60,3400,0,0,249,14,18,9.5,5,2.6,"{""piercing"":138,""slashing"":150,""bludgeoning"":125,""firearm"":131,""energy"":88,""fire"":69,""cryo"":69,""electric"":44,""acid"":69,""poison"":100,""radiation"":113}"
deathclaw:albino-alpha,Альфа-альбинос,true,S,90,618750,28,Когти,rend,Рубящая,280,5,36,slashing:100%,meleeCombat,284,82,95,meleeAttack:13 ОД; aimedMeleeAttack:15 ОД,meleeAttack,13,2,Силовая броня T-65,4800,0,0,280,18,20,10.5,3,1.6,"{""piercing"":176,""slashing"":192,""bludgeoning"":160,""firearm"":168,""energy"":112,""fire"":88,""cryo"":88,""electric"":56,""acid"":88,""poison"":128,""radiation"":144}"
deathclaw:albino-alpha,Альфа-альбинос,true,S,90,618750,28,Укус,puncture,Пробивная,200,3,180,piercing:100%,meleeCombat,284,82,95,meleeAttack:13 ОД; aimedMeleeAttack:15 ОД,meleeAttack,13,2,Силовая броня T-65,4800,0,0,200,15,24,12.6,4,2.1,"{""piercing"":176,""slashing"":192,""bludgeoning"":160,""firearm"":168,""energy"":112,""fire"":88,""cryo"":88,""electric"":56,""acid"":88,""poison"":128,""radiation"":144}"
deathclaw:albino-alpha,Альфа-альбинос,true,S,90,618750,28,Хвост,impact,Силовая,220,4,6,bludgeoning:100%,meleeCombat,284,82,95,meleeAttack:13 ОД; aimedMeleeAttack:15 ОД,meleeAttack,13,2,Силовая броня T-65,4800,0,0,332,15,18,9.5,4,2.1,"{""piercing"":176,""slashing"":192,""bludgeoning"":160,""firearm"":168,""energy"":112,""fire"":88,""cryo"":88,""electric"":56,""acid"":88,""poison"":128,""radiation"":144}"
deathclaw:chameleon,Коготь смерти-хамелеон,true,A,76,442700,27,Когти,rend,Рубящая,185,4,23,slashing:100%,meleeCombat,264,82,95,meleeAttack:13 ОД; aimedMeleeAttack:15 ОД,meleeAttack,13,2,Силовая броня T-60,3400,0,0,185,19,23,12.1,4,2.1,"{""piercing"":116,""slashing"":126,""bludgeoning"":105,""firearm"":110,""energy"":74,""fire"":58,""cryo"":58,""electric"":37,""acid"":58,""poison"":84,""radiation"":95}"
deathclaw:chameleon,Коготь смерти-хамелеон,true,A,76,442700,27,Укус,puncture,Пробивная,135,2,114,piercing:100%,meleeCombat,264,82,95,meleeAttack:13 ОД; aimedMeleeAttack:15 ОД,meleeAttack,13,2,Силовая броня T-60,3400,0,0,135,16,27,14.2,5,2.6,"{""piercing"":116,""slashing"":126,""bludgeoning"":105,""firearm"":110,""energy"":74,""fire"":58,""cryo"":58,""electric"":37,""acid"":58,""poison"":84,""radiation"":95}"
deathclaw:chameleon,Коготь смерти-хамелеон,true,A,76,442700,27,Хвост,impact,Силовая,145,3,4,bludgeoning:100%,meleeCombat,264,82,95,meleeAttack:13 ОД; aimedMeleeAttack:15 ОД,meleeAttack,13,2,Силовая броня T-60,3400,0,0,218,16,21,11.1,5,2.6,"{""piercing"":116,""slashing"":126,""bludgeoning"":105,""firearm"":110,""energy"":74,""fire"":58,""cryo"":58,""electric"":37,""acid"":58,""poison"":84,""radiation"":95}"
deathclaw:glowing,Светящийся коготь смерти,true,A,82,514550,26,Когти,rend,Рубящая,220,4,27,slashing:75% + radiation:25%,meleeCombat,268,82,95,meleeAttack:12 ОД; aimedMeleeAttack:14 ОД,meleeAttack,12,2,Силовая броня T-60,3400,0,0,220,16,20,10.5,5,2.6,"{""piercing"":143,""slashing"":156,""bludgeoning"":130,""firearm"":137,""energy"":91,""fire"":72,""cryo"":72,""electric"":46,""acid"":72,""poison"":104,""radiation"":117}"
deathclaw:glowing,Светящийся коготь смерти,true,A,82,514550,26,Укус,puncture,Пробивная,160,2,134,piercing:100%,meleeCombat,268,82,95,meleeAttack:12 ОД; aimedMeleeAttack:14 ОД,meleeAttack,12,2,Силовая броня T-60,3400,0,0,160,5,18,9.5,5,2.6,"{""piercing"":143,""slashing"":156,""bludgeoning"":130,""firearm"":137,""energy"":91,""fire"":72,""cryo"":72,""electric"":46,""acid"":72,""poison"":104,""radiation"":117}"
deathclaw:glowing,Светящийся коготь смерти,true,A,82,514550,26,Хвост,impact,Силовая,170,4,5,bludgeoning:100%,meleeCombat,268,82,95,meleeAttack:12 ОД; aimedMeleeAttack:14 ОД,meleeAttack,12,2,Силовая броня T-60,3400,0,0,256,14,18,9.5,4,2.1,"{""piercing"":143,""slashing"":156,""bludgeoning"":130,""firearm"":137,""energy"":91,""fire"":72,""cryo"":72,""electric"":46,""acid"":72,""poison"":104,""radiation"":117}"
deathclaw:enclave,Коготь смерти Анклава,true,A,78,466050,25,Когти,rend,Рубящая,205,4,26,slashing:100%,meleeCombat,260,82,95,meleeAttack:12 ОД; aimedMeleeAttack:14 ОД,meleeAttack,12,2,Силовая броня T-60,3400,0,0,205,17,21,11.1,4,2.1,"{""piercing"":154,""slashing"":168,""bludgeoning"":140,""firearm"":147,""energy"":98,""fire"":77,""cryo"":77,""electric"":49,""acid"":77,""poison"":112,""radiation"":126}"
deathclaw:enclave,Коготь смерти Анклава,true,A,78,466050,25,Укус,puncture,Пробивная,150,2,131,piercing:100%,meleeCombat,260,82,95,meleeAttack:12 ОД; aimedMeleeAttack:14 ОД,meleeAttack,12,2,Силовая броня T-60,3400,0,0,150,10,21,11.1,5,2.6,"{""piercing"":154,""slashing"":168,""bludgeoning"":140,""firearm"":147,""energy"":98,""fire"":77,""cryo"":77,""electric"":49,""acid"":77,""poison"":112,""radiation"":126}"
deathclaw:enclave,Коготь смерти Анклава,true,A,78,466050,25,Хвост,impact,Силовая,160,3,4,bludgeoning:100%,meleeCombat,260,82,95,meleeAttack:12 ОД; aimedMeleeAttack:14 ОД,meleeAttack,12,2,Силовая броня T-60,3400,0,0,241,15,19,10,5,2.6,"{""piercing"":154,""slashing"":168,""bludgeoning"":140,""firearm"":147,""energy"":98,""fire"":77,""cryo"":77,""electric"":49,""acid"":77,""poison"":112,""radiation"":126}"
deathclaw:legendary,Легендарный коготь смерти,true,S,92,646300,28,Когти,rend,Рубящая,300,5,39,slashing:100%,meleeCombat,288,82,95,meleeAttack:13 ОД; aimedMeleeAttack:15 ОД,meleeAttack,13,2,Силовая броня T-65,4800,0,0,300,17,19,10,3,1.6,"{""piercing"":193,""slashing"":210,""bludgeoning"":175,""firearm"":184,""energy"":122,""fire"":96,""cryo"":96,""electric"":61,""acid"":96,""poison"":140,""radiation"":158}"
deathclaw:legendary,Легендарный коготь смерти,true,S,92,646300,28,Укус,puncture,Пробивная,215,3,194,piercing:100%,meleeCombat,288,82,95,meleeAttack:13 ОД; aimedMeleeAttack:15 ОД,meleeAttack,13,2,Силовая броня T-65,4800,0,0,215,14,22,11.6,4,2.1,"{""piercing"":193,""slashing"":210,""bludgeoning"":175,""firearm"":184,""energy"":122,""fire"":96,""cryo"":96,""electric"":61,""acid"":96,""poison"":140,""radiation"":158}"
deathclaw:legendary,Легендарный коготь смерти,true,S,92,646300,28,Хвост,impact,Силовая,235,5,7,bludgeoning:100%,meleeCombat,288,82,95,meleeAttack:13 ОД; aimedMeleeAttack:15 ОД,meleeAttack,13,2,Силовая броня T-65,4800,0,0,355,14,17,8.9,3,1.6,"{""piercing"":193,""slashing"":210,""bludgeoning"":175,""firearm"":184,""energy"":122,""fire"":96,""cryo"":96,""electric"":61,""acid"":96,""poison"":140,""radiation"":158}"
deathclaw:matriarch,Матка когтей смерти,true,S,95,688750,27,Когти,rend,Рубящая,320,6,42,slashing:100%,meleeCombat,284,82,95,meleeAttack:13 ОД; aimedMeleeAttack:15 ОД,meleeAttack,13,2,Силовая броня T-65,4800,0,0,320,16,18,9.5,3,1.6,"{""piercing"":209,""slashing"":228,""bludgeoning"":190,""firearm"":200,""energy"":133,""fire"":105,""cryo"":105,""electric"":67,""acid"":105,""poison"":152,""radiation"":171}"
deathclaw:matriarch,Матка когтей смерти,true,S,95,688750,27,Укус,puncture,Пробивная,230,3,208,piercing:100%,meleeCombat,284,82,95,meleeAttack:13 ОД; aimedMeleeAttack:15 ОД,meleeAttack,13,2,Силовая броня T-65,4800,0,0,230,9,17,8.9,3,1.6,"{""piercing"":209,""slashing"":228,""bludgeoning"":190,""firearm"":200,""energy"":133,""fire"":105,""cryo"":105,""electric"":67,""acid"":105,""poison"":152,""radiation"":171}"
deathclaw:matriarch,Матка когтей смерти,true,S,95,688750,27,Хвост,impact,Силовая,250,5,7,bludgeoning:100%,meleeCombat,284,82,95,meleeAttack:13 ОД; aimedMeleeAttack:15 ОД,meleeAttack,13,2,Силовая броня T-65,4800,0,0,375,13,16,8.4,3,1.6,"{""piercing"":209,""slashing"":228,""bludgeoning"":190,""firearm"":200,""energy"":133,""fire"":105,""cryo"":105,""electric"":67,""acid"":105,""poison"":152,""radiation"":171}"
deathclaw:blood-alpha,Кровавый альфа-коготь,true,S,98,732550,30,Когти,rend,Рубящая,350,6,44,slashing:100%,meleeCombat,300,82,95,meleeAttack:14 ОД; aimedMeleeAttack:17 ОД,meleeAttack,14,2,Силовая броня T-65,4800,0,0,350,14,16,8.4,2,1.1,"{""piercing"":220,""slashing"":240,""bludgeoning"":200,""firearm"":210,""energy"":140,""fire"":110,""cryo"":110,""electric"":70,""acid"":110,""poison"":160,""radiation"":180}"
deathclaw:blood-alpha,Кровавый альфа-коготь,true,S,98,732550,30,Укус,puncture,Пробивная,250,4,222,piercing:100%,meleeCombat,300,82,95,meleeAttack:14 ОД; aimedMeleeAttack:17 ОД,meleeAttack,14,2,Силовая броня T-65,4800,0,0,250,8,15,7.9,3,1.6,"{""piercing"":220,""slashing"":240,""bludgeoning"":200,""firearm"":210,""energy"":140,""fire"":110,""cryo"":110,""electric"":70,""acid"":110,""poison"":160,""radiation"":180}"
deathclaw:blood-alpha,Кровавый альфа-коготь,true,S,98,732550,30,Хвост,impact,Силовая,275,5,8,bludgeoning:100%,meleeCombat,300,82,95,meleeAttack:14 ОД; aimedMeleeAttack:17 ОД,meleeAttack,14,2,Силовая броня T-65,4800,0,0,415,12,15,7.9,3,1.6,"{""piercing"":220,""slashing"":240,""bludgeoning"":200,""firearm"":210,""energy"":140,""fire"":110,""cryo"":110,""electric"":70,""acid"":110,""poison"":160,""radiation"":180}"
deathclaw:mythic,Мифический коготь смерти,true,S,100,762500,32,Когти,rend,Рубящая,400,7,50,slashing:100%,meleeCombat,316,82,95,meleeAttack:15 ОД; aimedMeleeAttack:18 ОД,meleeAttack,15,2,Силовая броня T-65,4800,0,0,400,13,14,7.4,2,1.1,"{""piercing"":242,""slashing"":264,""bludgeoning"":220,""firearm"":231,""energy"":154,""fire"":121,""cryo"":121,""electric"":77,""acid"":121,""poison"":176,""radiation"":198}"
deathclaw:mythic,Мифический коготь смерти,true,S,100,762500,32,Укус,puncture,Пробивная,290,4,250,piercing:100%,meleeCombat,316,82,95,meleeAttack:15 ОД; aimedMeleeAttack:18 ОД,meleeAttack,15,2,Силовая броня T-65,4800,0,0,290,4,10,5.3,3,1.6,"{""piercing"":242,""slashing"":264,""bludgeoning"":220,""firearm"":231,""energy"":154,""fire"":121,""cryo"":121,""electric"":77,""acid"":121,""poison"":176,""radiation"":198}"
deathclaw:mythic,Мифический коготь смерти,true,S,100,762500,32,Хвост,impact,Силовая,310,6,9,bludgeoning:100%,meleeCombat,316,82,95,meleeAttack:15 ОД; aimedMeleeAttack:18 ОД,meleeAttack,15,2,Силовая броня T-65,4800,0,0,466,11,13,6.8,3,1.6,"{""piercing"":242,""slashing"":264,""bludgeoning"":220,""firearm"":231,""energy"":154,""fire"":121,""cryo"":121,""electric"":77,""acid"":121,""poison"":176,""radiation"":198}"
deathclaw:giant-glowing,Гигантский светящийся коготь,true,S,100,762500,29,Когти,rend,Рубящая,420,7,47,slashing:75% + radiation:25%,meleeCombat,300,82,95,meleeAttack:14 ОД; aimedMeleeAttack:16 ОД,meleeAttack,14,2,Силовая броня T-65,4800,0,0,420,12,14,7.4,3,1.6,"{""piercing"":264,""slashing"":288,""bludgeoning"":240,""firearm"":252,""energy"":168,""fire"":132,""cryo"":132,""electric"":84,""acid"":132,""poison"":192,""radiation"":216}"
deathclaw:giant-glowing,Гигантский светящийся коготь,true,S,100,762500,29,Укус,puncture,Пробивная,300,4,236,piercing:100%,meleeCombat,300,82,95,meleeAttack:14 ОД; aimedMeleeAttack:16 ОД,meleeAttack,14,2,Силовая броня T-65,4800,0,0,300,4,11,5.8,3,1.6,"{""piercing"":264,""slashing"":288,""bludgeoning"":240,""firearm"":252,""energy"":168,""fire"":132,""cryo"":132,""electric"":84,""acid"":132,""poison"":192,""radiation"":216}"
deathclaw:giant-glowing,Гигантский светящийся коготь,true,S,100,762500,29,Хвост,impact,Силовая,330,6,8,bludgeoning:100%,meleeCombat,300,82,95,meleeAttack:14 ОД; aimedMeleeAttack:16 ОД,meleeAttack,14,2,Силовая броня T-65,4800,0,0,498,10,12,6.3,3,1.6,"{""piercing"":264,""slashing"":288,""bludgeoning"":240,""firearm"":252,""energy"":168,""fire"":132,""cryo"":132,""electric"":84,""acid"":132,""poison"":192,""radiation"":216}"
mutant-hound:ordinary,Гончая-мутант,true,C,24,46200,11,Укус,predatorBite,Сильный укус,50,1,15,piercing:100%,meleeCombat,100,82,95,meleeAttack:4 ОД; aimedMeleeAttack:5 ОД,meleeAttack,4,2,Боевая броня,650,28,28,22,1,21,11.1,14,7.4,"{""piercing"":20,""slashing"":22,""bludgeoning"":17,""firearm"":16,""energy"":11,""fire"":8,""cryo"":12,""electric"":8,""acid"":12,""poison"":18,""radiation"":20}"
mutant-hound:ordinary,Гончая-мутант,true,C,24,46200,11,Наскок,impact,Силовая,35,1,0,bludgeoning:100%,meleeCombat,100,82,95,meleeAttack:7 ОД; aimedMeleeAttack:8 ОД,meleeAttack,7,1,Боевая броня,650,11,11,36,1,32,33.7,20,21.1,"{""piercing"":20,""slashing"":22,""bludgeoning"":17,""firearm"":16,""energy"":11,""fire"":8,""cryo"":12,""electric"":8,""acid"":12,""poison"":18,""radiation"":20}"
mutant-hound:armored,Бронированная гончая-мутант,true,B,36,101700,12,Укус,predatorBite,Сильный укус,70,1,30,piercing:100%,meleeCombat,130,82,95,meleeAttack:5 ОД; aimedMeleeAttack:6 ОД,meleeAttack,5,2,"Боевая броня, усиленная",1011,43,43,27,1,15,7.9,10,5.3,"{""piercing"":58,""slashing"":66,""bludgeoning"":36,""firearm"":55,""energy"":28,""fire"":14,""cryo"":30,""electric"":19,""acid"":30,""poison"":44,""radiation"":50}"
mutant-hound:armored,Бронированная гончая-мутант,true,B,36,101700,12,Наскок,impact,Силовая,50,1,1,bludgeoning:100%,meleeCombat,130,82,95,meleeAttack:9 ОД; aimedMeleeAttack:10 ОД,meleeAttack,9,1,"Боевая броня, усиленная",1011,13,13,56,1,28,29.5,14,14.7,"{""piercing"":58,""slashing"":66,""bludgeoning"":36,""firearm"":55,""energy"":28,""fire"":14,""cryo"":30,""electric"":19,""acid"":30,""poison"":44,""radiation"":50}"
centaur:ordinary,Кентавр,true,B,34,90950,11,Язык,lash,Хлёсткая,45,1,3,bludgeoning:100%,meleeCombat,122,82,95,meleeAttack:5 ОД; aimedMeleeAttack:6 ОД,meleeAttack,5,2,"Боевая броня, усиленная",1011,10,10,53,1,30,15.8,15,7.9,"{""piercing"":34,""slashing"":38,""bludgeoning"":29,""firearm"":27,""energy"":19,""fire"":13,""cryo"":21,""electric"":13,""acid"":21,""poison"":30,""radiation"":34}"
centaur:ordinary,Кентавр,true,B,34,90950,11,Плевок,corrosion,Коррозия брони,40,1,6,acid:100%,rangedCombat,120,82,95,snapshot:5 ОД; aimedShot:6 ОД,snapshot,5,2,"Боевая броня, усиленная",1011,10,10,90,1,26,13.7,17,8.9,"{""piercing"":34,""slashing"":38,""bludgeoning"":29,""firearm"":27,""energy"":19,""fire"":13,""cryo"":21,""electric"":13,""acid"":21,""poison"":30,""radiation"":34}"
mirelurk:ordinary,Болотник,true,C,26,53950,11,Клешни,shear,Захват и разрыв,45,1,3,slashing:100%,meleeCombat,92,82,95,meleeAttack:4 ОД; aimedMeleeAttack:5 ОД,meleeAttack,4,2,Боевая броня,650,21,21,24,1,27,14.2,15,7.9,"{""piercing"":37,""slashing"":42,""bludgeoning"":23,""firearm"":35,""energy"":18,""fire"":9,""cryo"":19,""electric"":12,""acid"":19,""poison"":28,""radiation"":32}"
mirelurk:ordinary,Болотник,true,C,26,53950,11,Таран,impact,Силовая,40,1,0,bludgeoning:100%,meleeCombat,92,82,95,meleeAttack:7 ОД; aimedMeleeAttack:8 ОД,meleeAttack,7,1,Боевая броня,650,16,16,36,1,28,29.5,17,17.9,"{""piercing"":37,""slashing"":42,""bludgeoning"":23,""firearm"":35,""energy"":18,""fire"":9,""cryo"":19,""electric"":12,""acid"":19,""poison"":28,""radiation"":32}"
mirelurk:hunter,Болотник-охотник,true,B,42,137550,13,Клешни,shear,Захват и разрыв,80,1,6,slashing:100%,meleeCombat,140,82,95,meleeAttack:5 ОД; aimedMeleeAttack:6 ОД,meleeAttack,5,2,"Боевая броня, усиленная",1011,43,43,37,1,15,7.9,9,4.7,"{""piercing"":71,""slashing"":82,""bludgeoning"":44,""firearm"":68,""energy"":34,""fire"":17,""cryo"":37,""electric"":24,""acid"":37,""poison"":54,""radiation"":61}"
mirelurk:hunter,Болотник-охотник,true,B,42,137550,13,Плевок,corrosion,Коррозия брони,55,1,8,acid:100%,rangedCombat,130,82,95,snapshot:5 ОД; aimedShot:6 ОД,snapshot,5,2,"Боевая броня, усиленная",1011,27,27,84,1,19,10,13,6.8,"{""piercing"":71,""slashing"":82,""bludgeoning"":44,""firearm"":68,""energy"":34,""fire"":17,""cryo"":37,""electric"":24,""acid"":37,""poison"":54,""radiation"":61}"
mirelurk:king,Король болотников,true,A,62,296050,14,Когти,rend,Рубящая,135,3,16,slashing:100%,meleeCombat,180,82,95,meleeAttack:6 ОД; aimedMeleeAttack:7 ОД,meleeAttack,6,2,Силовая броня T-60,3400,0,0,135,26,31,16.3,5,2.6,"{""piercing"":84,""slashing"":96,""bludgeoning"":52,""firearm"":80,""energy"":40,""fire"":20,""cryo"":44,""electric"":28,""acid"":44,""poison"":64,""radiation"":72}"
mirelurk:king,Король болотников,true,A,62,296050,14,Волна,energy,Энергетический импульс,110,2,31,energy:100%,rangedCombat,170,82,95,snapshot:10 ОД; aimedShot:11 ОД,snapshot,10,1,Силовая броня T-60,3400,0,0,110,32,38,40,7,7.4,"{""piercing"":84,""slashing"":96,""bludgeoning"":52,""firearm"":80,""energy"":40,""fire"":20,""cryo"":44,""electric"":28,""acid"":44,""poison"":64,""radiation"":72}"
mirelurk:king,Король болотников,true,A,62,296050,14,Таран,impact,Силовая,115,3,1,bludgeoning:100%,meleeCombat,180,82,95,meleeAttack:10 ОД; aimedMeleeAttack:11 ОД,meleeAttack,10,1,Силовая броня T-60,3400,0,0,173,20,26,27.4,6,6.3,"{""piercing"":84,""slashing"":96,""bludgeoning"":52,""firearm"":80,""energy"":40,""fire"":20,""cryo"":44,""electric"":28,""acid"":44,""poison"":64,""radiation"":72}"
mirelurk:queen,Матка болотников,true,S,94,674450,15,Клешни,shear,Захват и разрыв,325,6,22,slashing:100%,meleeCombat,200,82,95,meleeAttack:7 ОД; aimedMeleeAttack:8 ОД,meleeAttack,7,2,Силовая броня T-65,4800,0,0,325,15,17,8.9,3,1.6,"{""piercing"":242,""slashing"":276,""bludgeoning"":150,""firearm"":230,""energy"":115,""fire"":58,""cryo"":127,""electric"":81,""acid"":127,""poison"":184,""radiation"":207}"
mirelurk:queen,Матка болотников,true,S,94,674450,15,Плевок,corrosion,Коррозия брони,220,4,27,acid:100%,rangedCombat,200,60,95,volley:11 ОД,volley,11,1,Силовая броня T-65,4800,0,0,660,8,11,11.6,4,4.2,"{""piercing"":242,""slashing"":276,""bludgeoning"":150,""firearm"":230,""energy"":115,""fire"":58,""cryo"":127,""electric"":81,""acid"":127,""poison"":184,""radiation"":207}"
mirelurk:queen,Матка болотников,true,S,94,674450,15,Таран,impact,Силовая,290,6,3,bludgeoning:100%,meleeCombat,200,82,95,meleeAttack:11 ОД; aimedMeleeAttack:12 ОД,meleeAttack,11,1,Силовая броня T-65,4800,0,0,436,12,14,14.7,3,3.2,"{""piercing"":242,""slashing"":276,""bludgeoning"":150,""firearm"":230,""energy"":115,""fire"":58,""cryo"":127,""electric"":81,""acid"":127,""poison"":184,""radiation"":207}"
mirelurk:nukalurk,Ядерник,true,A,66,334950,13,Клешни,shear,Захват и разрыв,145,3,11,slashing:75% + radiation:25%,meleeCombat,176,82,95,meleeAttack:6 ОД; aimedMeleeAttack:7 ОД,meleeAttack,6,2,Силовая броня T-60,3400,0,0,145,24,30,15.8,7,3.7,"{""piercing"":116,""slashing"":132,""bludgeoning"":72,""firearm"":110,""energy"":55,""fire"":28,""cryo"":61,""electric"":39,""acid"":61,""poison"":88,""radiation"":99}"
mirelurk:nukalurk,Ядерник,true,A,66,334950,13,Плевок,energy,Энергетический импульс,125,2,33,energy:60% + radiation:40%,rangedCombat,175,82,95,snapshot:6 ОД; aimedShot:7 ОД,snapshot,6,2,Силовая броня T-60,3400,0,0,125,28,37,19.5,9,4.7,"{""piercing"":116,""slashing"":132,""bludgeoning"":72,""firearm"":110,""energy"":55,""fire"":28,""cryo"":61,""electric"":39,""acid"":61,""poison"":88,""radiation"":99}"
mirelurk:nukalurk,Ядерник,true,A,66,334950,13,Таран,impact,Силовая,130,3,2,bludgeoning:100%,meleeCombat,176,82,95,meleeAttack:9 ОД; aimedMeleeAttack:10 ОД,meleeAttack,9,1,Силовая броня T-60,3400,0,0,196,18,23,24.2,6,6.3,"{""piercing"":116,""slashing"":132,""bludgeoning"":72,""firearm"":110,""energy"":55,""fire"":28,""cryo"":61,""electric"":39,""acid"":61,""poison"":88,""radiation"":99}"
lakelurk:ordinary,Озёрник-крикун,true,B,44,150700,12,Когти,rend,Рубящая,80,1,8,slashing:100%,meleeCombat,135,82,95,meleeAttack:5 ОД; aimedMeleeAttack:6 ОД,meleeAttack,5,2,"Боевая броня, усиленная",1011,45,45,35,1,15,7.9,9,4.7,"{""piercing"":38,""slashing"":42,""bludgeoning"":32,""firearm"":30,""energy"":21,""fire"":15,""cryo"":23,""electric"":15,""acid"":23,""poison"":34,""radiation"":38}"
lakelurk:ordinary,Озёрник-крикун,true,B,44,150700,12,Волна,energy,Энергетический импульс,65,1,15,energy:100%,rangedCombat,135,82,95,snapshot:9 ОД; aimedShot:10 ОД,snapshot,9,1,"Боевая броня, усиленная",1011,44,44,21,1,15,15.8,11,11.6,"{""piercing"":38,""slashing"":42,""bludgeoning"":32,""firearm"":30,""energy"":21,""fire"":15,""cryo"":23,""electric"":15,""acid"":23,""poison"":34,""radiation"":38}"
water-creature:ordinary,Водяной,true,B,46,164450,12,Когти,rend,Рубящая,90,1,10,slashing:100%,meleeCombat,130,82,95,meleeAttack:5 ОД; aimedMeleeAttack:6 ОД,meleeAttack,5,2,"Боевая броня, усиленная",1011,57,57,33,1,12,6.3,8,4.2,"{""piercing"":43,""slashing"":48,""bludgeoning"":36,""firearm"":35,""energy"":24,""fire"":17,""cryo"":26,""electric"":17,""acid"":26,""poison"":38,""radiation"":43}"
water-creature:ordinary,Водяной,true,B,46,164450,12,Укус,puncture,Пробивная,65,1,38,piercing:100%,meleeCombat,130,82,95,meleeAttack:5 ОД; aimedMeleeAttack:6 ОД,meleeAttack,5,2,"Боевая броня, усиленная",1011,46,46,19,1,15,7.9,11,5.8,"{""piercing"":43,""slashing"":48,""bludgeoning"":36,""firearm"":35,""energy"":24,""fire"":17,""cryo"":26,""electric"":17,""acid"":26,""poison"":38,""radiation"":43}"
water-creature:brute,Водяной-громила,true,A,64,315200,13,Удар,impact,Силовая,145,3,4,bludgeoning:100%,meleeCombat,176,82,95,meleeAttack:9 ОД; aimedMeleeAttack:10 ОД,meleeAttack,9,1,Силовая броня T-60,3400,0,0,218,16,21,22.1,5,5.3,"{""piercing"":72,""slashing"":80,""bludgeoning"":60,""firearm"":58,""energy"":40,""fire"":28,""cryo"":44,""electric"":28,""acid"":44,""poison"":64,""radiation"":72}"
water-creature:brute,Водяной-громила,true,A,64,315200,13,Укус,puncture,Пробивная,105,2,65,piercing:100%,meleeCombat,176,82,95,meleeAttack:6 ОД; aimedMeleeAttack:7 ОД,meleeAttack,6,2,Силовая броня T-60,3400,0,0,105,33,39,20.5,7,3.7,"{""piercing"":72,""slashing"":80,""bludgeoning"":60,""firearm"":58,""energy"":40,""fire"":28,""cryo"":44,""electric"":28,""acid"":44,""poison"":64,""radiation"":72}"
spore-plant:ordinary,Споровый игломёт,true,D,8,5800,6,Рога,puncture,Пробивная,13,1,5,piercing:100%,meleeCombat,70,82,89,meleeAttack:3 ОД; aimedMeleeAttack:4 ОД,meleeAttack,3,2,Кожаная броня,250,10,10,3,1,62,34.8,52,29.2,"{""piercing"":2,""slashing"":3,""bludgeoning"":4,""firearm"":3,""energy"":2,""fire"":0,""cryo"":2,""electric"":1,""acid"":3,""poison"":6,""radiation"":6}"
spore-plant:ordinary,Споровый игломёт,true,D,8,5800,6,Шип,puncture,Пробивная,14,1,5,piercing:100%,rangedCombat,70,82,89,snapshot:3 ОД; aimedShot:4 ОД,snapshot,3,2,Кожаная броня,250,11,11,3,1,57,32,49,27.5,"{""piercing"":2,""slashing"":3,""bludgeoning"":4,""firearm"":3,""energy"":2,""fire"":0,""cryo"":2,""electric"":1,""acid"":3,""poison"":6,""radiation"":6}"
spore-plant:acid-spitter,Кислотное споровое растение,true,C,18,26550,6,Побеги,lash,Хлёсткая,20,1,1,bludgeoning:100%,meleeCombat,90,82,95,meleeAttack:2 ОД; aimedMeleeAttack:3 ОД,meleeAttack,2,3,Боевая броня,650,0,0,30,10,56,19.6,34,11.9,"{""piercing"":7,""slashing"":9,""bludgeoning"":11,""firearm"":9,""energy"":6,""fire"":1,""cryo"":7,""electric"":4,""acid"":10,""poison"":19,""radiation"":18}"
spore-plant:acid-spitter,Кислотное споровое растение,true,C,18,26550,6,Плевок,corrosion,Коррозия брони,20,1,3,acid:70% + poison:30%,rangedCombat,90,82,95,snapshot:2 ОД; aimedShot:3 ОД,snapshot,2,3,Боевая броня,650,6,0,42,1,45,15.8,34,11.9,"{""piercing"":7,""slashing"":9,""bludgeoning"":11,""firearm"":9,""energy"":6,""fire"":1,""cryo"":7,""electric"":4,""acid"":10,""poison"":19,""radiation"":18}"
strangler-heart:colony-heart,Сердце колонии душителя,true,A,60,277500,9,Щупальца,impact,Силовая,130,3,4,bludgeoning:100%,meleeCombat,165,82,95,meleeAttack:4 ОД; aimedMeleeAttack:5 ОД,meleeAttack,4,2,Силовая броня T-60,3400,0,0,196,18,23,12.1,6,3.2,"{""piercing"":45,""slashing"":56,""bludgeoning"":68,""firearm"":54,""energy"":38,""fire"":8,""cryo"":41,""electric"":26,""acid"":60,""poison"":120,""radiation"":113}"
strangler-heart:colony-heart,Сердце колонии душителя,true,A,60,277500,9,Облако,cloud,Площадное заражение,70,1,4,radiation:70% + poison:30%,rangedCombat,165,60,95,volley:6 ОД,volley,6,1,Силовая броня T-60,3400,0,0,70,49,81,85.3,33,34.7,"{""piercing"":45,""slashing"":56,""bludgeoning"":68,""firearm"":54,""energy"":38,""fire"":8,""cryo"":41,""electric"":26,""acid"":60,""poison"":120,""radiation"":113}"
overgrown:thorn,Заросший-шип,true,C,24,46200,10,Когти,rend,Рубящая,40,1,3,slashing:100%,meleeCombat,92,82,95,meleeAttack:4 ОД; aimedMeleeAttack:5 ОД,meleeAttack,4,2,Боевая броня,650,16,16,24,1,32,16.8,17,8.9,"{""piercing"":12,""slashing"":15,""bludgeoning"":18,""firearm"":14,""energy"":10,""fire"":2,""cryo"":11,""electric"":7,""acid"":16,""poison"":32,""radiation"":30}"
overgrown:thorn,Заросший-шип,true,C,24,46200,10,Залп,flurry,Серия шипов,16,1,9,piercing:100%,rangedCombat,92,82,95,burst:7 ОД×3,burst,7,1,Боевая броня,650,0,0,48,12,28,29.5,15,15.8,"{""piercing"":12,""slashing"":15,""bludgeoning"":18,""firearm"":14,""energy"":10,""fire"":2,""cryo"":11,""electric"":7,""acid"":16,""poison"":32,""radiation"":30}"
overgrown:elder,Старейшина заросших,true,B,44,150700,12,Удар,impact,Силовая,80,1,2,bludgeoning:100%,meleeCombat,128,82,95,meleeAttack:9 ОД; aimedMeleeAttack:10 ОД,meleeAttack,9,1,"Боевая броня, усиленная",1011,44,44,54,1,14,14.7,9,9.5,"{""piercing"":28,""slashing"":35,""bludgeoning"":41,""firearm"":33,""energy"":23,""fire"":5,""cryo"":25,""electric"":16,""acid"":37,""poison"":74,""radiation"":69}"
overgrown:elder,Старейшина заросших,true,B,44,150700,12,Облако,cloud,Площадное заражение,45,1,2,poison:70% + radiation:30%,rangedCombat,125,60,95,volley:9 ОД,volley,9,1,"Боевая броня, усиленная",1011,32,0,0,1,22,23.2,22,23.2,"{""piercing"":28,""slashing"":35,""bludgeoning"":41,""firearm"":33,""energy"":23,""fire"":5,""cryo"":25,""electric"":16,""acid"":37,""poison"":74,""radiation"":69}"
overgrown-pollinator:support,Опылитель заросших,true,C,18,26550,11,Щупальца,lash,Хлёсткая,19,1,1,bludgeoning:100%,meleeCombat,90,82,95,meleeAttack:4 ОД; aimedMeleeAttack:5 ОД,meleeAttack,4,2,Боевая броня,650,0,0,29,10,59,31.1,36,18.9,"{""piercing"":6,""slashing"":8,""bludgeoning"":9,""firearm"":7,""energy"":5,""fire"":1,""cryo"":6,""electric"":4,""acid"":8,""poison"":16,""radiation"":15}"
overgrown-pollinator:support,Опылитель заросших,true,C,18,26550,11,Облако,cloud,Площадное заражение,15,1,0,poison:80% + radiation:20%,rangedCombat,98,60,95,volley:7 ОД,volley,7,1,Боевая броня,650,12,0,0,1,57,60,57,60,"{""piercing"":6,""slashing"":8,""bludgeoning"":9,""firearm"":7,""energy"":5,""fire"":1,""cryo"":6,""electric"":4,""acid"":8,""poison"":16,""radiation"":15}"
abomination:ordinary,Абоминация,false,B,40,125000,12,Удар,balanced,Сбалансированная,70,1,12,bludgeoning:100%,meleeCombat,130,82,95,meleeAttack:5 ОД; aimedMeleeAttack:6 ОД,meleeAttack,5,2,"Боевая броня, усиленная",1011,44,44,39,1,15,7.9,10,5.3,"{""piercing"":38,""slashing"":42,""bludgeoning"":32,""firearm"":30,""energy"":38,""fire"":15,""cryo"":23,""electric"":32,""acid"":23,""poison"":42,""radiation"":46}"
abomination:ordinary,Абоминация,false,B,40,125000,12,Щупальца,lash,Хлёсткая,55,1,5,bludgeoning:100%,meleeCombat,130,82,95,meleeAttack:5 ОД; aimedMeleeAttack:6 ОД,meleeAttack,5,2,"Боевая броня, усиленная",1011,22,22,50,1,23,12.1,13,6.8,"{""piercing"":38,""slashing"":42,""bludgeoning"":32,""firearm"":30,""energy"":38,""fire"":15,""cryo"":23,""electric"":32,""acid"":23,""poison"":42,""radiation"":46}"
parasite:ordinary,Паразит,false,D,4,1700,9,Укус,puncture,Пробивная,9,1,1,piercing:65% + poison:35%,meleeCombat,70,82,89,meleeAttack:2 ОД; aimedMeleeAttack:3 ОД,meleeAttack,2,4,Кожаная броня,250,3,0,6,1,103,28.9,75,21.1,"{""piercing"":2,""slashing"":2,""bludgeoning"":1,""firearm"":2,""energy"":2,""fire"":1,""cryo"":1,""electric"":2,""acid"":1,""poison"":2,""radiation"":2}"
parasite:ordinary,Паразит,false,D,4,1700,9,Хватка,shear,Захват и разрыв,7,1,0,slashing:100%,meleeCombat,70,82,89,meleeAttack:4 ОД; aimedMeleeAttack:5 ОД,meleeAttack,4,2,Кожаная броня,250,0,0,7,30,133,74.7,97,54.5,"{""piercing"":2,""slashing"":2,""bludgeoning"":1,""firearm"":2,""energy"":2,""fire"":1,""cryo"":1,""electric"":2,""acid"":1,""poison"":2,""radiation"":2}"
zetan:scout,Дзетан-разведчик,false,B,42,137550,11,Удар,impact,Силовая,60,1,1,bludgeoning:100%,meleeCombat,145,82,95,meleeAttack:5 ОД; aimedMeleeAttack:6 ОД,meleeAttack,5,2,"Боевая броня, усиленная",1011,23,23,56,1,22,11.6,12,6.3,"{""piercing"":38,""slashing"":42,""bludgeoning"":32,""firearm"":30,""energy"":38,""fire"":15,""cryo"":23,""electric"":32,""acid"":23,""poison"":42,""radiation"":46}"
zetan:warrior,Дзетан-штурмовик,false,A,64,315200,13,Удар,impact,Силовая,105,2,3,bludgeoning:100%,meleeCombat,180,82,95,meleeAttack:7 ОД; aimedMeleeAttack:8 ОД,meleeAttack,7,1,Силовая броня T-60,3400,0,0,158,23,29,30.5,7,7.4,"{""piercing"":68,""slashing"":75,""bludgeoning"":56,""firearm"":54,""energy"":68,""fire"":26,""cryo"":41,""electric"":56,""acid"":41,""poison"":75,""radiation"":83}"
super-mutant:ordinary:skirmisher,Супермутант-застрельщик,true,C,22,39050,12,Кулаки,impact,Силовая,50,1,1,bludgeoning:100%,meleeCombat,105,82,95,meleeAttack:4 ОД; aimedMeleeAttack:5 ОД,meleeAttack,4,3,Боевая броня,650,27,27,35,1,22,7.7,14,4.9,"{""piercing"":22,""slashing"":24,""bludgeoning"":18,""firearm"":17,""energy"":12,""fire"":8,""cryo"":13,""electric"":8,""acid"":13,""poison"":19,""radiation"":22}"
super-mutant:ordinary:fighter,Супермутант-боец,true,B,30,71250,12,Кулаки,impact,Силовая,50,1,1,bludgeoning:100%,meleeCombat,130,82,95,meleeAttack:4 ОД; aimedMeleeAttack:5 ОД,meleeAttack,4,3,"Боевая броня, усиленная",1011,13,13,56,1,28,9.8,14,4.9,"{""piercing"":34,""slashing"":38,""bludgeoning"":29,""firearm"":27,""energy"":19,""fire"":13,""cryo"":21,""electric"":13,""acid"":21,""poison"":30,""radiation"":34}"
super-mutant:ordinary:brute,Супермутант-громила,true,B,34,90950,12,Кулаки,impact,Силовая,50,1,1,bludgeoning:100%,meleeCombat,132,82,95,meleeAttack:4 ОД; aimedMeleeAttack:5 ОД,meleeAttack,4,3,"Боевая броня, усиленная",1011,13,13,56,1,28,9.8,14,4.9,"{""piercing"":43,""slashing"":48,""bludgeoning"":36,""firearm"":35,""energy"":24,""fire"":17,""cryo"":26,""electric"":17,""acid"":26,""poison"":38,""radiation"":43}"
super-mutant:ordinary:enforcer,Супермутант-силовик,true,B,38,113050,12,Кулаки,impact,Силовая,50,1,1,bludgeoning:100%,meleeCombat,134,82,95,meleeAttack:4 ОД; aimedMeleeAttack:5 ОД,meleeAttack,4,3,"Боевая броня, усиленная",1011,13,13,56,1,28,9.8,14,4.9,"{""piercing"":55,""slashing"":62,""bludgeoning"":34,""firearm"":52,""energy"":26,""fire"":13,""cryo"":29,""electric"":18,""acid"":29,""poison"":42,""radiation"":47}"
super-mutant:ordinary:butcher,Супермутант-мясник,true,B,42,137550,12,Кулаки,impact,Силовая,50,1,1,bludgeoning:100%,meleeCombat,138,82,95,meleeAttack:4 ОД; aimedMeleeAttack:5 ОД,meleeAttack,4,3,"Боевая броня, усиленная",1011,13,13,56,1,28,9.8,14,4.9,"{""piercing"":61,""slashing"":70,""bludgeoning"":38,""firearm"":58,""energy"":29,""fire"":15,""cryo"":32,""electric"":20,""acid"":32,""poison"":46,""radiation"":52}"
super-mutant:ordinary:master,Супермутант-мастер,true,A,50,193750,14,Кулаки,impact,Силовая,50,1,1,bludgeoning:100%,meleeCombat,174,82,95,meleeAttack:4 ОД; aimedMeleeAttack:5 ОД,meleeAttack,4,3,Силовая броня T-60,3400,0,0,75,47,60,21.1,14,4.9,"{""piercing"":71,""slashing"":82,""bludgeoning"":44,""firearm"":68,""energy"":34,""fire"":17,""cryo"":37,""electric"":24,""acid"":37,""poison"":54,""radiation"":61}"
super-mutant:ordinary:heavy,Супермутант-тяжёлый стрелок,true,A,56,242200,13,Кулаки,impact,Силовая,50,1,1,bludgeoning:100%,meleeCombat,170,82,95,meleeAttack:4 ОД; aimedMeleeAttack:5 ОД,meleeAttack,4,3,Силовая броня T-60,3400,0,0,75,47,60,21.1,14,4.9,"{""piercing"":82,""slashing"":94,""bludgeoning"":51,""firearm"":78,""energy"":39,""fire"":20,""cryo"":43,""electric"":27,""acid"":43,""poison"":62,""radiation"":70}"
super-mutant:ordinary:firestarter,Супермутант-огнемётчик,true,A,58,259550,13,Кулаки,impact,Силовая,50,1,1,bludgeoning:100%,meleeCombat,170,82,95,meleeAttack:4 ОД; aimedMeleeAttack:5 ОД,meleeAttack,4,3,Силовая броня T-60,3400,0,0,75,47,60,21.1,14,4.9,"{""piercing"":76,""slashing"":86,""bludgeoning"":47,""firearm"":72,""energy"":36,""fire"":18,""cryo"":40,""electric"":25,""acid"":40,""poison"":58,""radiation"":65}"
super-mutant:ordinary:overlord,Супермутант-владыка,true,A,62,296050,14,Кулаки,impact,Силовая,50,1,1,bludgeoning:100%,meleeCombat,182,82,95,meleeAttack:4 ОД; aimedMeleeAttack:5 ОД,meleeAttack,4,3,Силовая броня T-60,3400,0,0,75,47,60,21.1,14,4.9,"{""piercing"":92,""slashing"":106,""bludgeoning"":57,""firearm"":88,""energy"":44,""fire"":22,""cryo"":48,""electric"":31,""acid"":48,""poison"":70,""radiation"":79}"
super-mutant:ordinary:primus,Супермутант-примус,true,A,70,376250,15,Кулаки,impact,Силовая,50,1,1,bludgeoning:100%,meleeCombat,195,82,95,meleeAttack:4 ОД; aimedMeleeAttack:5 ОД,meleeAttack,4,3,Силовая броня T-60,3400,0,0,75,47,60,21.1,14,4.9,"{""piercing"":110,""slashing"":126,""bludgeoning"":68,""firearm"":105,""energy"":53,""fire"":26,""cryo"":58,""electric"":37,""acid"":58,""poison"":84,""radiation"":95}"
super-mutant:ordinary:warlord,Супермутант-военачальник,true,S,82,514550,17,Кулаки,impact,Силовая,50,1,1,bludgeoning:100%,meleeCombat,210,82,95,meleeAttack:4 ОД; aimedMeleeAttack:5 ОД,meleeAttack,4,4,Силовая броня T-65,4800,0,0,75,65,78,20.5,14,3.7,"{""piercing"":158,""slashing"":180,""bludgeoning"":98,""firearm"":150,""energy"":75,""fire"":38,""cryo"":83,""electric"":53,""acid"":83,""poison"":120,""radiation"":135}"
super-mutant:nightkin:master,Ночной охотник-мастер,true,A,60,277500,16,Кулаки,impact,Силовая,80,1,2,bludgeoning:100%,meleeCombat,195,82,95,meleeAttack:5 ОД; aimedMeleeAttack:6 ОД,meleeAttack,5,3,Силовая броня T-60,3400,0,0,120,30,38,13.3,9,3.2,"{""piercing"":79,""slashing"":90,""bludgeoning"":49,""firearm"":75,""energy"":38,""fire"":19,""cryo"":41,""electric"":26,""acid"":41,""poison"":60,""radiation"":68}"