actorKey,actorName,threatClass,level,limbKey,piercing,slashing,bludgeoning,firearm,energy,fire,cryo,electric,acid,poison,radiation
ghoul:ordinary,Гуль-бродяга,C,16,head,9,10,8,7,6,5,6,4,6,15,20
ghoul:ordinary,Гуль-бродяга,C,16,eyes,2,2,1,1,1,1,1,1,1,3,3
ghoul:ordinary,Гуль-бродяга,C,16,torso,13,14,11,10,8,6,8,5,8,21,28
ghoul:ordinary,Гуль-бродяга,C,16,groin,5,6,4,4,3,3,3,2,3,8,11
ghoul:ordinary,Гуль-бродяга,C,16,leftArm,10,11,8,8,7,5,6,4,6,16,22
ghoul:ordinary,Гуль-бродяга,C,16,rightArm,10,11,8,8,7,5,6,4,6,16,22
ghoul:ordinary,Гуль-бродяга,C,16,leftLeg,9,10,7,7,6,4,5,3,5,15,20
ghoul:ordinary,Гуль-бродяга,C,16,rightLeg,9,10,7,7,6,4,5,3,5,15,20
ghoul:feral,Дикий гуль,C,14,head,8,9,6,6,5,4,5,3,5,13,17
ghoul:feral,Дикий гуль,C,14,eyes,1,1,1,1,1,1,1,1,1,2,3
ghoul:feral,Дикий гуль,C,14,torso,11,12,9,9,7,5,7,4,7,18,24
ghoul:feral,Дикий гуль,C,14,groin,4,5,4,3,3,2,3,2,3,7,10
ghoul:feral,Дикий гуль,C,14,leftArm,8,9,7,7,6,4,5,3,5,14,19
ghoul:feral,Дикий гуль,C,14,rightArm,8,9,7,7,6,4,5,3,5,14,19
ghoul:feral,Дикий гуль,C,14,leftLeg,8,8,6,6,5,4,5,3,5,13,17
ghoul:feral,Дикий гуль,C,14,rightLeg,8,8,6,6,5,4,5,3,5,13,17
ghoul:reaver,Гуль-потрошитель,B,38,head,27,30,23,22,18,14,17,11,17,45,60
ghoul:reaver,Гуль-потрошитель,B,38,eyes,5,5,4,4,3,2,3,2,3,8,10
ghoul:reaver,Гуль-потрошитель,B,38,torso,38,42,32,30,25,19,23,15,23,63,84
ghoul:reaver,Гуль-потрошитель,B,38,groin,15,17,13,12,10,8,9,6,9,25,34
ghoul:reaver,Гуль-потрошитель,B,38,leftArm,29,33,25,24,20,15,18,11,18,49,66
ghoul:reaver,Гуль-потрошитель,B,38,rightArm,29,33,25,24,20,15,18,11,18,49,66
ghoul:reaver,Гуль-потрошитель,B,38,leftLeg,26,29,22,21,18,13,16,10,16,44,59
ghoul:reaver,Гуль-потрошитель,B,38,rightLeg,26,29,22,21,18,13,16,10,16,44,59
ghoul:berserker,Гуль-берсерк,B,46,head,32,36,27,26,22,16,20,13,20,54,72
ghoul:berserker,Гуль-берсерк,B,46,eyes,5,6,5,4,4,3,3,2,3,9,12
ghoul:berserker,Гуль-берсерк,B,46,torso,45,50,38,36,30,23,28,18,28,75,100
ghoul:berserker,Гуль-берсерк,B,46,groin,18,20,15,14,12,9,11,7,11,30,40
ghoul:berserker,Гуль-берсерк,B,46,leftArm,35,39,29,28,23,18,21,14,21,59,78
ghoul:berserker,Гуль-берсерк,B,46,rightArm,35,39,29,28,23,18,21,14,21,59,78
ghoul:berserker,Гуль-берсерк,B,46,leftLeg,32,35,26,25,21,16,19,12,19,53,70
ghoul:berserker,Гуль-берсерк,B,46,rightLeg,32,35,26,25,21,16,19,12,19,53,70
ghoul:glowing,Светящийся гуль,B,30,head,19,22,16,16,13,10,12,8,12,32,43
ghoul:glowing,Светящийся гуль,B,30,eyes,3,4,3,3,2,2,2,1,2,5,7
ghoul:glowing,Светящийся гуль,B,30,torso,27,30,23,22,18,14,17,11,17,45,60
ghoul:glowing,Светящийся гуль,B,30,groin,11,12,9,9,7,5,7,4,7,18,24
ghoul:glowing,Светящийся гуль,B,30,leftArm,21,23,18,17,14,11,13,8,13,35,47
ghoul:glowing,Светящийся гуль,B,30,rightArm,21,23,18,17,14,11,13,8,13,35,47
ghoul:glowing,Светящийся гуль,B,30,leftLeg,19,21,16,15,13,9,12,7,12,32,42
ghoul:glowing,Светящийся гуль,B,30,rightLeg,19,21,16,15,13,9,12,7,12,32,42
super-mutant:ordinary,Супермутант,C,20,head,16,17,13,12,9,6,10,6,10,14,16
super-mutant:ordinary,Супермутант,C,20,eyes,3,3,2,2,1,1,2,1,2,2,3
super-mutant:ordinary,Супермутант,C,20,torso,22,24,18,17,12,8,13,8,13,19,22
super-mutant:ordinary,Супермутант,C,20,groin,9,10,7,7,5,3,5,3,5,8,9
super-mutant:ordinary,Супермутант,C,20,leftArm,17,19,14,13,9,7,10,7,10,15,17
super-mutant:ordinary,Супермутант,C,20,rightArm,17,19,14,13,9,7,10,7,10,15,17
super-mutant:ordinary,Супермутант,C,20,leftLeg,15,17,13,12,8,6,9,6,9,13,15
super-mutant:ordinary,Супермутант,C,20,rightLeg,15,17,13,12,8,6,9,6,9,13,15
super-mutant:nightkin,Ночной охотник,B,38,head,29,32,24,23,16,11,18,11,18,26,29
super-mutant:nightkin,Ночной охотник,B,38,eyes,5,5,4,4,3,2,3,2,3,4,5
super-mutant:nightkin,Ночной охотник,B,38,torso,41,45,34,32,23,16,25,16,25,36,41
super-mutant:nightkin,Ночной охотник,B,38,groin,16,18,14,13,9,6,10,6,10,14,16
super-mutant:nightkin,Ночной охотник,B,38,leftArm,32,35,26,25,18,12,19,12,19,28,32
super-mutant:nightkin,Ночной охотник,B,38,rightArm,32,35,26,25,18,12,19,12,19,28,32
super-mutant:nightkin,Ночной охотник,B,38,leftLeg,28,31,24,23,16,11,17,11,17,25,28
super-mutant:nightkin,Ночной охотник,B,38,rightLeg,28,31,24,23,16,11,17,11,17,25,28
super-mutant:behemoth,Супермутант-бегемот,S,92,head,149,166,124,119,83,58,91,58,91,132,149
super-mutant:behemoth,Супермутант-бегемот,S,92,eyes,25,28,21,20,14,10,15,10,15,22,25
super-mutant:behemoth,Супермутант-бегемот,S,92,torso,207,230,173,166,115,81,127,81,127,184,207
super-mutant:behemoth,Супермутант-бегемот,S,92,groin,83,92,69,66,46,32,51,32,51,74,83
super-mutant:behemoth,Супермутант-бегемот,S,92,leftArm,161,179,135,129,90,63,99,63,99,144,161
super-mutant:behemoth,Супермутант-бегемот,S,92,rightArm,161,179,135,129,90,63,99,63,99,144,161
super-mutant:behemoth,Супермутант-бегемот,S,92,leftLeg,145,161,121,116,81,56,89,56,89,129,145
super-mutant:behemoth,Супермутант-бегемот,S,92,rightLeg,145,161,121,116,81,56,89,56,89,129,145
rodent:rat,Крыса,D,4,head,2,2,2,2,1,1,1,1,1,2,2
rodent:rat,Крыса,D,4,eyes,0,0,0,0,0,0,0,0,0,0,0
rodent:rat,Крыса,D,4,torso,3,3,2,2,2,1,2,1,2,2,3
rodent:rat,Крыса,D,4,groin,1,1,1,1,1,0,1,0,1,1,1
rodent:rat,Крыса,D,4,leftArm,2,2,2,2,1,1,1,1,1,2,2
rodent:rat,Крыса,D,4,rightArm,2,2,2,2,1,1,1,1,1,2,2
rodent:rat,Крыса,D,4,leftLeg,2,2,2,2,1,1,1,1,1,2,2
rodent:rat,Крыса,D,4,rightLeg,2,2,2,2,1,1,1,1,1,2,2
rodent:mole-rat,Кротокрыс,D,10,head,5,6,4,4,3,2,3,2,3,5,5
rodent:mole-rat,Кротокрыс,D,10,eyes,1,1,1,1,0,0,1,0,1,1,1
rodent:mole-rat,Кротокрыс,D,10,torso,7,8,6,6,4,3,4,3,4,6,7
rodent:mole-rat,Кротокрыс,D,10,groin,3,3,2,2,2,1,2,1,2,3,3
rodent:mole-rat,Кротокрыс,D,10,leftArm,6,6,5,4,3,2,3,2,3,5,6
rodent:mole-rat,Кротокрыс,D,10,rightArm,6,6,5,4,3,2,3,2,3,5,6
rodent:mole-rat,Кротокрыс,D,10,leftLeg,5,6,4,4,3,2,3,2,3,4,5
rodent:mole-rat,Кротокрыс,D,10,rightLeg,5,6,4,4,3,2,3,2,3,4,5
rodent:armored-mole-rat,Бронированный кротокрыс,C,20,head,27,31,17,26,13,6,14,9,14,21,23
rodent:armored-mole-rat,Бронированный кротокрыс,C,20,eyes,5,5,3,4,2,1,2,2,2,3,4
rodent:armored-mole-rat,Бронированный кротокрыс,C,20,torso,38,43,23,36,18,9,20,13,20,29,32
rodent:armored-mole-rat,Бронированный кротокрыс,C,20,groin,15,17,9,14,7,4,8,5,8,12,13
rodent:armored-mole-rat,Бронированный кротокрыс,C,20,leftArm,29,34,18,28,14,7,15,10,15,22,25
rodent:armored-mole-rat,Бронированный кротокрыс,C,20,rightArm,29,34,18,28,14,7,15,10,15,22,25
rodent:armored-mole-rat,Бронированный кротокрыс,C,20,leftLeg,26,30,16,25,13,6,14,9,14,20,23
rodent:armored-mole-rat,Бронированный кротокрыс,C,20,rightLeg,26,30,16,25,13,6,14,9,14,20,23
brahmin:ordinary,Дикий брамин,D,8,head,5,6,4,4,3,2,3,2,3,5,5
brahmin:ordinary,Дикий брамин,D,8,eyes,1,1,1,1,0,0,1,0,1,1,1
brahmin:ordinary,Дикий брамин,D,8,torso,7,8,6,6,4,3,4,3,4,6,7
brahmin:ordinary,Дикий брамин,D,8,groin,3,3,2,2,2,1,2,1,2,3,3
brahmin:ordinary,Дикий брамин,D,8,leftArm,6,6,5,4,3,2,3,2,3,5,6
brahmin:ordinary,Дикий брамин,D,8,rightArm,6,6,5,4,3,2,3,2,3,5,6
brahmin:ordinary,Дикий брамин,D,8,leftLeg,5,6,4,4,3,2,3,2,3,4,5
brahmin:ordinary,Дикий брамин,D,8,rightLeg,5,6,4,4,3,2,3,2,3,4,5
horse:pack,Вьючная лошадь,D,5,head,4,4,3,3,2,2,2,2,2,3,4
horse:pack,Вьючная лошадь,D,5,eyes,1,1,1,1,0,0,0,0,0,1,1
horse:pack,Вьючная лошадь,D,5,torso,5,6,5,4,3,2,3,2,3,5,5
horse:pack,Вьючная лошадь,D,5,groin,2,2,2,2,1,1,1,1,1,2,2
horse:pack,Вьючная лошадь,D,5,leftArm,4,5,4,3,2,2,3,2,3,4,4
horse:pack,Вьючная лошадь,D,5,rightArm,4,5,4,3,2,2,3,2,3,4,4
horse:pack,Вьючная лошадь,D,5,leftLeg,4,4,3,3,2,1,2,1,2,3,4
horse:pack,Вьючная лошадь,D,5,rightLeg,4,4,3,3,2,1,2,1,2,3,4
canine:dog,Собака Пустошей,D,6,head,3,3,2,2,1,1,2,1,2,2,3
canine:dog,Собака Пустошей,D,6,eyes,0,0,0,0,0,0,0,0,0,0,0
canine:dog,Собака Пустошей,D,6,torso,4,4,3,3,2,1,2,1,2,3,4
canine:dog,Собака Пустошей,D,6,groin,1,2,1,1,1,1,1,1,1,1,1
canine:dog,Собака Пустошей,D,6,leftArm,3,3,2,2,2,1,2,1,2,2,3
canine:dog,Собака Пустошей,D,6,rightArm,3,3,2,2,2,1,2,1,2,2,3
canine:dog,Собака Пустошей,D,6,leftLeg,3,3,2,2,1,1,2,1,2,2,3
canine:dog,Собака Пустошей,D,6,rightLeg,3,3,2,2,1,1,2,1,2,2,3
canine:feral-dog,Одичавшая собака,D,10,head,3,4,3,3,2,1,2,1,2,3,3
canine:feral-dog,Одичавшая собака,D,10,eyes,1,1,0,0,0,0,0,0,0,0,1
canine:feral-dog,Одичавшая собака,D,10,torso,5,5,4,4,3,2,3,2,3,4,5
canine:feral-dog,Одичавшая собака,D,10,groin,2,2,2,1,1,1,1,1,1,2,2
canine:feral-dog,Одичавшая собака,D,10,leftArm,4,4,3,3,2,1,2,1,2,3,4
canine:feral-dog,Одичавшая собака,D,10,rightArm,4,4,3,3,2,1,2,1,2,3,4
canine:feral-dog,Одичавшая собака,D,10,leftLeg,3,4,3,3,2,1,2,1,2,3,3
canine:feral-dog,Одичавшая собака,D,10,rightLeg,3,4,3,3,2,1,2,1,2,3,3
canine:wolf,Волк Пустошей,C,22,head,12,13,10,9,6,5,7,5,7,10,12
canine:wolf,Волк Пустошей,C,22,eyes,2,2,2,2,1,1,1,1,1,2,2
canine:wolf,Волк Пустошей,C,22,torso,16,18,14,13,9,6,10,6,10,14,16
canine:wolf,Волк Пустошей,C,22,groin,6,7,5,5,4,3,4,3,4,6,6
canine:wolf,Волк Пустошей,C,22,leftArm,13,14,11,10,7,5,8,5,8,11,13
canine:wolf,Волк Пустошей,C,22,rightArm,13,14,11,10,7,5,8,5,8,11,13
canine:wolf,Волк Пустошей,C,22,leftLeg,11,13,9,9,6,4,7,4,7,10,11
canine:wolf,Волк Пустошей,C,22,rightLeg,11,13,9,9,6,4,7,4,7,10,11
canine:diseased-wolf,Больной волк,C,23,head,10,12,9,8,6,4,6,4,6,9,10
canine:diseased-wolf,Больной волк,C,23,eyes,2,2,1,1,1,1,1,1,1,2,2
canine:diseased-wolf,Больной волк,C,23,torso,14,16,12,12,8,6,9,6,9,13,14
canine:diseased-wolf,Больной волк,C,23,groin,6,6,5,5,3,2,4,2,4,5,6
canine:diseased-wolf,Больной волк,C,23,leftArm,11,12,9,9,6,4,7,4,7,10,11
canine:diseased-wolf,Больной волк,C,23,rightArm,11,12,9,9,6,4,7,4,7,10,11
canine:diseased-wolf,Больной волк,C,23,leftLeg,10,11,8,8,6,4,6,4,6,9,10
canine:diseased-wolf,Больной волк,C,23,rightLeg,10,11,8,8,6,4,6,4,6,9,10
yao-guai:ordinary,Яо-гай-охотник,B,42,head,36,40,30,29,20,14,22,14,22,32,36
yao-guai:ordinary,Яо-гай-охотник,B,42,eyes,6,7,5,5,3,2,4,2,4,5,6
yao-guai:ordinary,Яо-гай-охотник,B,42,torso,50,55,41,40,28,19,30,19,30,44,50
yao-guai:ordinary,Яо-гай-охотник,B,42,groin,20,22,17,16,11,8,12,8,12,18,20
yao-guai:ordinary,Яо-гай-охотник,B,42,leftArm,39,43,32,31,21,15,24,15,24,34,39
yao-guai:ordinary,Яо-гай-охотник,B,42,rightArm,39,43,32,31,21,15,24,15,24,34,39
yao-guai:ordinary,Яо-гай-охотник,B,42,leftLeg,35,39,29,28,19,13,21,13,21,31,35
yao-guai:ordinary,Яо-гай-охотник,B,42,rightLeg,35,39,29,28,19,13,21,13,21,31,35
yao-guai:grizzly,Мутировавший гризли,B,50,head,42,47,35,34,23,16,26,16,26,37,42
yao-guai:grizzly,Мутировавший гризли,B,50,eyes,7,8,6,6,4,3,4,3,4,6,7
yao-guai:grizzly,Мутировавший гризли,B,50,torso,59,65,49,47,33,23,36,23,36,52,59
yao-guai:grizzly,Мутировавший гризли,B,50,groin,23,26,20,19,13,9,14,9,14,21,23
yao-guai:grizzly,Мутировавший гризли,B,50,leftArm,46,51,38,37,25,18,28,18,28,41,46
yao-guai:grizzly,Мутировавший гризли,B,50,rightArm,46,51,38,37,25,18,28,18,28,41,46
yao-guai:grizzly,Мутировавший гризли,B,50,leftLeg,41,46,34,33,23,16,25,16,25,36,41
yao-guai:grizzly,Мутировавший гризли,B,50,rightLeg,41,46,34,33,23,16,25,16,25,36,41
yao-guai:bloodthirsty,Кровожадный гризли,A,65,head,58,65,49,47,32,23,36,23,36,52,58
yao-guai:bloodthirsty,Кровожадный гризли,A,65,eyes,10,11,8,8,5,4,6,4,6,9,10
yao-guai:bloodthirsty,Кровожадный гризли,A,65,torso,81,90,68,65,45,31,50,31,50,72,81
yao-guai:bloodthirsty,Кровожадный гризли,A,65,groin,32,36,27,26,18,13,20,13,20,29,32
yao-guai:bloodthirsty,Кровожадный гризли,A,65,leftArm,63,70,53,51,35,25,39,25,39,56,63
yao-guai:bloodthirsty,Кровожадный гризли,A,65,rightArm,63,70,53,51,35,25,39,25,39,56,63
yao-guai:bloodthirsty,Кровожадный гризли,A,65,leftLeg,57,63,47,45,31,22,35,22,35,50,57
yao-guai:bloodthirsty,Кровожадный гризли,A,65,rightLeg,57,63,47,45,31,22,35,22,35,50,57
gecko:ordinary,Геккон,D,6,head,4,4,3,3,2,2,2,2,2,3,4
gecko:ordinary,Геккон,D,6,eyes,1,1,1,1,0,0,0,0,0,1,1
gecko:ordinary,Геккон,D,6,torso,5,6,5,4,3,2,3,2,3,5,5
gecko:ordinary,Геккон,D,6,groin,2,2,2,2,1,1,1,1,1,2,2
gecko:ordinary,Геккон,D,6,leftArm,4,5,4,3,2,2,3,2,3,4,4
gecko:ordinary,Геккон,D,6,rightArm,4,5,4,3,2,2,3,2,3,4,4
gecko:ordinary,Геккон,D,6,leftLeg,4,4,3,3,2,1,2,1,2,3,4
gecko:ordinary,Геккон,D,6,rightLeg,4,4,3,3,2,1,2,1,2,3,4
gecko:hunter,Геккон-охотник,C,18,head,13,14,11,10,7,5,8,5,8,12,13
gecko:hunter,Геккон-охотник,C,18,eyes,2,2,2,2,1,1,1,1,1,2,2
gecko:hunter,Геккон-охотник,C,18,torso,18,20,15,14,10,7,11,7,11,16,18
gecko:hunter,Геккон-охотник,C,18,groin,7,8,6,6,4,3,4,3,4,6,7
gecko:hunter,Геккон-охотник,C,18,leftArm,14,16,12,11,8,5,9,5,9,12,14
gecko:hunter,Геккон-охотник,C,18,rightArm,14,16,12,11,8,5,9,5,9,12,14
gecko:hunter,Геккон-охотник,C,18,leftLeg,13,14,11,10,7,5,8,5,8,11,13
gecko:hunter,Геккон-охотник,C,18,rightLeg,13,14,11,10,7,5,8,5,8,11,13
gecko:golden,Золотой геккон,C,24,head,16,18,14,13,9,6,10,6,10,14,16
gecko:golden,Золотой геккон,C,24,eyes,3,3,2,2,2,1,2,1,2,2,3
gecko:golden,Золотой геккон,C,24,torso,23,25,19,18,13,9,14,9,14,20,23
gecko:golden,Золотой геккон,C,24,groin,9,10,8,7,5,4,6,4,6,8,9
gecko:golden,Золотой геккон,C,24,leftArm,18,20,15,14,10,7,11,7,11,16,18
gecko:golden,Золотой геккон,C,24,rightArm,18,20,15,14,10,7,11,7,11,16,18
gecko:golden,Золотой геккон,C,24,leftLeg,16,18,13,13,9,6,10,6,10,14,16
gecko:golden,Золотой геккон,C,24,rightLeg,16,18,13,13,9,6,10,6,10,14,16
gecko:fire,Огненный геккон,C,24,head,14,16,12,11,8,6,9,6,9,13,14
gecko:fire,Огненный геккон,C,24,eyes,2,3,2,2,1,1,1,1,1,2,2
gecko:fire,Огненный геккон,C,24,torso,20,22,17,16,11,8,12,8,12,18,20
gecko:fire,Огненный геккон,C,24,groin,8,9,7,6,4,3,5,3,5,7,8
gecko:fire,Огненный геккон,C,24,leftArm,15,17,13,12,9,6,9,6,9,14,15
gecko:fire,Огненный геккон,C,24,rightArm,15,17,13,12,9,6,9,6,9,14,15
gecko:fire,Огненный геккон,C,24,leftLeg,14,15,12,11,8,5,8,5,8,12,14
gecko:fire,Огненный геккон,C,24,rightLeg,14,15,12,11,8,5,8,5,8,12,14
gecko:poison,Ядовитый геккон,C,22,head,13,14,11,10,7,5,8,5,8,12,13
gecko:poison,Ядовитый геккон,C,22,eyes,2,2,2,2,1,1,1,1,1,2,2
gecko:poison,Ядовитый геккон,C,22,torso,18,20,15,14,10,7,11,7,11,16,18
gecko:poison,Ядовитый геккон,C,22,groin,7,8,6,6,4,3,4,3,4,6,7
gecko:poison,Ядовитый геккон,C,22,leftArm,14,16,12,11,8,5,9,5,9,12,14
gecko:poison,Ядовитый геккон,C,22,rightArm,14,16,12,11,8,5,9,5,9,12,14
gecko:poison,Ядовитый геккон,C,22,leftLeg,13,14,11,10,7,5,8,5,8,11,13
gecko:poison,Ядовитый геккон,C,22,rightLeg,13,14,11,10,7,5,8,5,8,11,13
mutant-lizard:ordinary,Ящерица Пустошей,C,16,head,10,12,9,8,6,4,6,4,6,9,10
mutant-lizard:ordinary,Ящерица Пустошей,C,16,eyes,2,2,1,1,1,1,1,1,1,2,2
mutant-lizard:ordinary,Ящерица Пустошей,C,16,torso,14,16,12,12,8,6,9,6,9,13,14
mutant-lizard:ordinary,Ящерица Пустошей,C,16,groin,6,6,5,5,3,2,4,2,4,5,6
mutant-lizard:ordinary,Ящерица Пустошей,C,16,leftArm,11,12,9,9,6,4,7,4,7,10,11
mutant-lizard:ordinary,Ящерица Пустошей,C,16,rightArm,11,12,9,9,6,4,7,4,7,10,11
mutant-lizard:ordinary,Ящерица Пустошей,C,16,leftLeg,10,11,8,8,6,4,6,4,6,9,10
mutant-lizard:ordinary,Ящерица Пустошей,C,16,rightLeg,10,11,8,8,6,4,6,4,6,9,10
night-stalker:ordinary,Ночной охотник,B,34,head,23,25,19,18,13,9,14,9,14,20,23
night-stalker:ordinary,Ночной охотник,B,34,eyes,4,4,3,3,2,1,2,1,2,3,4
night-stalker:ordinary,Ночной охотник,B,34,torso,32,35,26,25,18,12,19,12,19,28,32
night-stalker:ordinary,Ночной охотник,B,34,groin,13,14,11,10,7,5,8,5,8,11,13
night-stalker:ordinary,Ночной охотник,B,34,leftArm,25,27,20,20,14,10,15,10,15,22,25
night-stalker:ordinary,Ночной охотник,B,34,rightArm,25,27,20,20,14,10,15,10,15,22,25
night-stalker:ordinary,Ночной охотник,B,34,leftLeg,22,25,18,18,12,9,13,9,13,20,22
night-stalker:ordinary,Ночной охотник,B,34,rightLeg,22,25,18,18,12,9,13,9,13,20,22
honey-badger:ordinary,Медоед-падальщик,C,20,head,12,13,10,9,6,5,7,5,7,10,12
honey-badger:ordinary,Медоед-падальщик,C,20,eyes,2,2,2,2,1,1,1,1,1,2,2
honey-badger:ordinary,Медоед-падальщик,C,20,torso,16,18,14,13,9,6,10,6,10,14,16
honey-badger:ordinary,Медоед-падальщик,C,20,groin,6,7,5,5,4,3,4,3,4,6,6
honey-badger:ordinary,Медоед-падальщик,C,20,leftArm,13,14,11,10,7,5,8,5,8,11,13
honey-badger:ordinary,Медоед-падальщик,C,20,rightArm,13,14,11,10,7,5,8,5,8,11,13
honey-badger:ordinary,Медоед-падальщик,C,20,leftLeg,11,13,9,9,6,4,7,4,7,10,11
honey-badger:ordinary,Медоед-падальщик,C,20,rightLeg,11,13,9,9,6,4,7,4,7,10,11
honey-badger:bone-plated,Костяной медоед,B,34,head,32,36,27,26,18,13,20,13,20,29,32
honey-badger:bone-plated,Костяной медоед,B,34,eyes,5,6,5,4,3,2,3,2,3,5,5
honey-badger:bone-plated,Костяной медоед,B,34,torso,45,50,38,36,25,18,28,18,28,40,45
honey-badger:bone-plated,Костяной медоед,B,34,groin,18,20,15,14,10,7,11,7,11,16,18
honey-badger:bone-plated,Костяной медоед,B,34,leftArm,35,39,29,28,20,14,21,14,21,31,35
honey-badger:bone-plated,Костяной медоед,B,34,rightArm,35,39,29,28,20,14,21,14,21,31,35
honey-badger:bone-plated,Костяной медоед,B,34,leftLeg,32,35,26,25,18,12,19,12,19,28,32
honey-badger:bone-plated,Костяной медоед,B,34,rightLeg,32,35,26,25,18,12,19,12,19,28,32
honey-badger:legendary,Легендарный медоед,A,60,head,52,58,43,41,29,20,32,20,32,46,52
honey-badger:legendary,Легендарный медоед,A,60,eyes,9,10,7,7,5,3,5,3,5,8,9
honey-badger:legendary,Легендарный медоед,A,60,torso,72,80,60,58,40,28,44,28,44,64,72
honey-badger:legendary,Легендарный медоед,A,60,groin,29,32,24,23,16,11,18,11,18,26,29
honey-badger:legendary,Легендарный медоед,A,60,leftArm,56,62,47,45,31,22,34,22,34,50,56
honey-badger:legendary,Легендарный медоед,A,60,rightArm,56,62,47,45,31,22,34,22,34,50,56
honey-badger:legendary,Легендарный медоед,A,60,leftLeg,50,56,42,40,28,20,31,20,31,45,50
honey-badger:legendary,Легендарный медоед,A,60,rightLeg,50,56,42,40,28,20,31,20,31,45,50
radroach:ordinary,Радтаракан,D,1,head,2,2,1,1,1,0,1,1,1,1,1
radroach:ordinary,Радтаракан,D,1,eyes,0,0,0,0,0,0,0,0,0,0,0
radroach:ordinary,Радтаракан,D,1,torso,2,2,1,2,1,1,1,1,1,2,2
radroach:ordinary,Радтаракан,D,1,groin,1,1,1,1,0,0,0,0,0,1,1
radroach:ordinary,Радтаракан,D,1,leftArm,2,2,1,2,1,0,1,1,1,1,1
radroach:ordinary,Радтаракан,D,1,rightArm,2,2,1,2,1,0,1,1,1,1,1
radroach:ordinary,Радтаракан,D,1,leftLeg,1,2,1,1,1,0,1,0,1,1,1
radroach:ordinary,Радтаракан,D,1,rightLeg,1,2,1,1,1,0,1,0,1,1,1
radroach:glowing,Светящийся радтаракан,D,8,head,4,4,2,4,2,1,2,1,2,3,3
radroach:glowing,Светящийся радтаракан,D,8,eyes,1,1,0,1,0,0,0,0,0,0,1
radroach:glowing,Светящийся радтаракан,D,8,torso,5,6,3,5,3,1,3,2,3,4,5
radroach:glowing,Светящийся радтаракан,D,8,groin,2,2,1,2,1,1,1,1,1,2,2
radroach:glowing,Светящийся радтаракан,D,8,leftArm,4,5,3,4,2,1,2,1,2,3,4
radroach:glowing,Светящийся радтаракан,D,8,rightArm,4,5,3,4,2,1,2,1,2,3,4
radroach:glowing,Светящийся радтаракан,D,8,leftLeg,4,4,2,4,2,1,2,1,2,3,3
radroach:glowing,Светящийся радтаракан,D,8,rightLeg,4,4,2,4,2,1,2,1,2,3,3
ant:worker,Муравей-рабочий,D,5,head,5,5,3,4,2,1,2,2,2,3,4
ant:worker,Муравей-рабочий,D,5,eyes,1,1,0,1,0,0,0,0,0,1,1
ant:worker,Муравей-рабочий,D,5,torso,6,7,4,6,3,2,3,2,3,5,5
ant:worker,Муравей-рабочий,D,5,groin,3,3,2,2,1,1,1,1,1,2,2
ant:worker,Муравей-рабочий,D,5,leftArm,5,6,3,5,2,1,3,2,3,4,4
ant:worker,Муравей-рабочий,D,5,rightArm,5,6,3,5,2,1,3,2,3,4,4
ant:worker,Муравей-рабочий,D,5,leftLeg,4,5,3,4,2,1,2,1,2,3,4
ant:worker,Муравей-рабочий,D,5,rightLeg,4,5,3,4,2,1,2,1,2,3,4
ant:forager,Муравей-фуражир,D,3,head,4,4,2,4,2,1,2,1,2,3,3
ant:forager,Муравей-фуражир,D,3,eyes,1,1,0,1,0,0,0,0,0,0,1
ant:forager,Муравей-фуражир,D,3,torso,5,6,3,5,3,1,3,2,3,4,5
ant:forager,Муравей-фуражир,D,3,groin,2,2,1,2,1,1,1,1,1,2,2
ant:forager,Муравей-фуражир,D,3,leftArm,4,5,3,4,2,1,2,1,2,3,4
ant:forager,Муравей-фуражир,D,3,rightArm,4,5,3,4,2,1,2,1,2,3,4
ant:forager,Муравей-фуражир,D,3,leftLeg,4,4,2,4,2,1,2,1,2,3,3
ant:forager,Муравей-фуражир,D,3,rightLeg,4,4,2,4,2,1,2,1,2,3,3
ant:scout,Муравей-разведчик,D,8,head,4,4,2,4,2,1,2,1,2,3,3
ant:scout,Муравей-разведчик,D,8,eyes,1,1,0,1,0,0,0,0,0,0,1
ant:scout,Муравей-разведчик,D,8,torso,5,6,3,5,3,1,3,2,3,4,5
ant:scout,Муравей-разведчик,D,8,groin,2,2,1,2,1,1,1,1,1,2,2
ant:scout,Муравей-разведчик,D,8,leftArm,4,5,3,4,2,1,2,1,2,3,4
ant:scout,Муравей-разведчик,D,8,rightArm,4,5,3,4,2,1,2,1,2,3,4
ant:scout,Муравей-разведчик,D,8,leftLeg,4,4,2,4,2,1,2,1,2,3,3
ant:scout,Муравей-разведчик,D,8,rightLeg,4,4,2,4,2,1,2,1,2,3,3
ant:fire,Огненный муравей,C,18,head,15,17,9,14,7,4,8,5,8,12,13
ant:fire,Огненный муравей,C,18,eyes,3,3,2,2,1,1,1,1,1,2,2
ant:fire,Огненный муравей,C,18,torso,21,24,13,20,10,5,11,7,11,16,18
ant:fire,Огненный муравей,C,18,groin,8,10,5,8,4,2,4,3,4,6,7
ant:fire,Огненный муравей,C,18,leftArm,16,19,10,16,8,4,9,5,9,12,14
ant:fire,Огненный муравей,C,18,rightArm,16,19,10,16,8,4,9,5,9,12,14
ant:fire,Огненный муравей,C,18,leftLeg,15,17,9,14,7,4,8,5,8,11,13
ant:fire,Огненный муравей,C,18,rightLeg,15,17,9,14,7,4,8,5,8,11,13
bloatfly:ordinary,Дутень,D,4,head,2,2,1,1,1,0,1,1,1,1,1
bloatfly:ordinary,Дутень,D,4,eyes,0,0,0,0,0,0,0,0,0,0,0
bloatfly:ordinary,Дутень,D,4,torso,2,2,1,2,1,1,1,1,1,2,2
bloatfly:ordinary,Дутень,D,4,groin,1,1,1,1,0,0,0,0,0,1,1
bloatfly:ordinary,Дутень,D,4,leftArm,2,2,1,2,1,0,1,1,1,1,1
bloatfly:ordinary,Дутень,D,4,rightArm,2,2,1,2,1,0,1,1,1,1,1
bloatfly:ordinary,Дутень,D,4,leftLeg,1,2,1,1,1,0,1,0,1,1,1
bloatfly:ordinary,Дутень,D,4,rightLeg,1,2,1,1,1,0,1,0,1,1,1
bloatfly:queen,Матка дутней,C,20,head,11,12,7,10,5,3,6,4,6,8,9
bloatfly:queen,Матка дутней,C,20,eyes,2,2,1,2,1,0,1,1,1,1,2
bloatfly:queen,Матка дутней,C,20,torso,15,17,9,14,7,4,8,5,8,11,13
bloatfly:queen,Матка дутней,C,20,groin,6,7,4,6,3,1,3,2,3,4,5
bloatfly:queen,Матка дутней,C,20,leftArm,11,13,7,11,5,3,6,4,6,9,10
bloatfly:queen,Матка дутней,C,20,rightArm,11,13,7,11,5,3,6,4,6,9,10
bloatfly:queen,Матка дутней,C,20,leftLeg,10,12,6,10,5,2,5,3,5,8,9
bloatfly:queen,Матка дутней,C,20,rightLeg,10,12,6,10,5,2,5,3,5,8,9
mantis:ordinary,Гигантский богомол,D,10,head,5,5,3,4,2,1,2,2,2,3,4
mantis:ordinary,Гигантский богомол,D,10,eyes,1,1,0,1,0,0,0,0,0,1,1
mantis:ordinary,Гигантский богомол,D,10,torso,6,7,4,6,3,2,3,2,3,5,5
mantis:ordinary,Гигантский богомол,D,10,groin,3,3,2,2,1,1,1,1,1,2,2
mantis:ordinary,Гигантский богомол,D,10,leftArm,5,6,3,5,2,1,3,2,3,4,4
mantis:ordinary,Гигантский богомол,D,10,rightArm,5,6,3,5,2,1,3,2,3,4,4
mantis:ordinary,Гигантский богомол,D,10,leftLeg,4,5,3,4,2,1,2,1,2,3,4
mantis:ordinary,Гигантский богомол,D,10,rightLeg,4,5,3,4,2,1,2,1,2,3,4
cazador:ordinary,Касадор,B,38,head,23,26,14,22,11,5,12,8,12,17,19
cazador:ordinary,Касадор,B,38,eyes,4,4,2,4,2,1,2,1,2,3,3
cazador:ordinary,Касадор,B,38,torso,32,36,20,30,15,8,17,11,17,24,27
cazador:ordinary,Касадор,B,38,groin,13,14,8,12,6,3,7,4,7,10,11
cazador:ordinary,Касадор,B,38,leftArm,25,28,15,23,12,6,13,8,13,19,21
cazador:ordinary,Касадор,B,38,rightArm,25,28,15,23,12,6,13,8,13,19,21
cazador:ordinary,Касадор,B,38,leftLeg,22,25,14,21,11,5,12,7,12,17,19
cazador:ordinary,Касадор,B,38,rightLeg,22,25,14,21,11,5,12,7,12,17,19
radscorpion:ordinary,Радскорпион,B,45,head,53,60,33,50,25,13,28,18,28,40,45
radscorpion:ordinary,Радскорпион,B,45,eyes,9,10,5,8,4,2,5,3,5,7,8
radscorpion:ordinary,Радскорпион,B,45,torso,74,84,46,70,35,18,39,25,39,56,63
radscorpion:ordinary,Радскорпион,B,45,groin,29,34,18,28,14,7,15,10,15,22,25
radscorpion:ordinary,Радскорпион,B,45,leftArm,57,66,35,55,27,14,30,19,30,44,49
radscorpion:ordinary,Радскорпион,B,45,rightArm,57,66,35,55,27,14,30,19,30,44,49
radscorpion:ordinary,Радскорпион,B,45,leftLeg,51,59,32,49,25,12,27,17,27,39,44
radscorpion:ordinary,Радскорпион,B,45,rightLeg,51,59,32,49,25,12,27,17,27,39,44
bombardier-beetle:ordinary,Жук-подрывник,C,22,head,21,24,13,20,10,5,11,7,11,16,18
bombardier-beetle:ordinary,Жук-подрывник,C,22,eyes,4,4,2,3,2,1,2,1,2,3,3
bombardier-beetle:ordinary,Жук-подрывник,C,22,torso,29,34,18,28,14,7,15,10,15,22,25
bombardier-beetle:ordinary,Жук-подрывник,C,22,groin,12,13,7,11,6,3,6,4,6,9,10
bombardier-beetle:ordinary,Жук-подрывник,C,22,leftArm,23,26,14,22,11,5,12,8,12,17,20
bombardier-beetle:ordinary,Жук-подрывник,C,22,rightArm,23,26,14,22,11,5,12,8,12,17,20
bombardier-beetle:ordinary,Жук-подрывник,C,22,leftLeg,21,24,13,20,10,5,11,7,11,16,18
bombardier-beetle:ordinary,Жук-подрывник,C,22,rightLeg,21,24,13,20,10,5,11,7,11,16,18
deathclaw:ordinary,Коготь смерти,A,68,head,91,99,83,87,58,46,46,29,46,66,75
deathclaw:ordinary,Коготь смерти,A,68,eyes,15,17,14,14,10,8,8,5,8,11,12
deathclaw:ordinary,Коготь смерти,A,68,torso,127,138,115,121,81,63,63,40,63,92,104
deathclaw:ordinary,Коготь смерти,A,68,groin,51,55,46,48,32,25,25,16,25,37,41
deathclaw:ordinary,Коготь смерти,A,68,leftArm,99,108,90,94,63,49,49,31,49,72,81
deathclaw:ordinary,Коготь смерти,A,68,rightArm,99,108,90,94,63,49,49,31,49,72,81
deathclaw:ordinary,Коготь смерти,A,68,leftLeg,89,97,81,85,56,44,44,28,44,64,72
deathclaw:ordinary,Коготь смерти,A,68,rightLeg,89,97,81,85,56,44,44,28,44,64,72
deathclaw:juvenile,Детёныш когтя смерти,B,40,head,48,52,43,45,30,24,24,15,24,35,39
deathclaw:juvenile,Детёныш когтя смерти,B,40,eyes,8,9,7,8,5,4,4,3,4,6,6
deathclaw:juvenile,Детёныш когтя смерти,B,40,torso,66,72,60,63,42,33,33,21,33,48,54
deathclaw:juvenile,Детёныш когтя смерти,B,40,groin,26,29,24,25,17,13,13,8,13,19,22
deathclaw:juvenile,Детёныш когтя смерти,B,40,leftArm,51,56,47,49,33,26,26,16,26,37,42
deathclaw:juvenile,Детёныш когтя смерти,B,40,rightArm,51,56,47,49,33,26,26,16,26,37,42
deathclaw:juvenile,Детёныш когтя смерти,B,40,leftLeg,46,50,42,44,29,23,23,15,23,34,38
deathclaw:juvenile,Детёныш когтя смерти,B,40,rightLeg,46,50,42,44,29,23,23,15,23,34,38
deathclaw:hunter,Коготь смерти-охотник,A,74,head,87,95,79,83,55,44,44,28,44,63,71
deathclaw:hunter,Коготь смерти-охотник,A,74,eyes,15,16,13,14,9,7,7,5,7,11,12
deathclaw:hunter,Коготь смерти-охотник,A,74,torso,121,132,110,116,77,61,61,39,61,88,99
deathclaw:hunter,Коготь смерти-охотник,A,74,groin,48,53,44,46,31,24,24,15,24,35,40
deathclaw:hunter,Коготь смерти-охотник,A,74,leftArm,94,103,86,90,60,47,47,30,47,69,77
deathclaw:hunter,Коготь смерти-охотник,A,74,rightArm,94,103,86,90,60,47,47,30,47,69,77
deathclaw:hunter,Коготь смерти-охотник,A,74,leftLeg,85,92,77,81,54,42,42,27,42,62,69
deathclaw:hunter,Коготь смерти-охотник,A,74,rightLeg,85,92,77,81,54,42,42,27,42,62,69
deathclaw:alpha,Альфа-коготь смерти,A,80,head,103,112,94,98,66,51,51,33,51,75,84
deathclaw:alpha,Альфа-коготь смерти,A,80,eyes,17,19,16,16,11,9,9,5,9,12,14
deathclaw:alpha,Альфа-коготь смерти,A,80,torso,143,156,130,137,91,72,72,46,72,104,117
deathclaw:alpha,Альфа-коготь смерти,A,80,groin,57,62,52,55,36,29,29,18,29,42,47
deathclaw:alpha,Альфа-коготь смерти,A,80,leftArm,112,122,101,106,71,56,56,35,56,81,91
deathclaw:alpha,Альфа-коготь смерти,A,80,rightArm,112,122,101,106,71,56,56,35,56,81,91
deathclaw:alpha,Альфа-коготь смерти,A,80,leftLeg,100,109,91,96,64,50,50,32,50,73,82
deathclaw:alpha,Альфа-коготь смерти,A,80,rightLeg,100,109,91,96,64,50,50,32,50,73,82
deathclaw:alpha-hunter,Альфа-охотник,S,84,head,107,117,97,102,68,53,53,34,53,78,87
deathclaw:alpha-hunter,Альфа-охотник,S,84,eyes,18,19,16,17,11,9,9,6,9,13,15
deathclaw:alpha-hunter,Альфа-охотник,S,84,torso,149,162,135,142,95,74,74,47,74,108,122
deathclaw:alpha-hunter,Альфа-охотник,S,84,groin,59,65,54,57,38,30,30,19,30,43,49
deathclaw:alpha-hunter,Альфа-охотник,S,84,leftArm,116,126,105,111,74,58,58,37,58,84,95
deathclaw:alpha-hunter,Альфа-охотник,S,84,rightArm,116,126,105,111,74,58,58,37,58,84,95
deathclaw:alpha-hunter,Альфа-охотник,S,84,leftLeg,104,113,95,99,66,52,52,33,52,76,85
deathclaw:alpha-hunter,Альфа-охотник,S,84,rightLeg,104,113,95,99,66,52,52,33,52,76,85
deathclaw:albino,Коготь смерти-альбинос,A,80,head,99,108,90,95,63,50,50,31,50,72,81
deathclaw:albino,Коготь смерти-альбинос,A,80,eyes,17,18,15,16,11,8,8,5,8,12,14
deathclaw:albino,Коготь смерти-альбинос,A,80,torso,138,150,125,131,88,69,69,44,69,100,113
deathclaw:albino,Коготь смерти-альбинос,A,80,groin,55,60,50,53,35,28,28,18,28,40,45
deathclaw:albino,Коготь смерти-альбинос,A,80,leftArm,107,117,98,102,68,54,54,34,54,78,88
deathclaw:albino,Коготь смерти-альбинос,A,80,rightArm,107,117,98,102,68,54,54,34,54,78,88
deathclaw:albino,Коготь смерти-альбинос,A,80,leftLeg,96,105,88,92,61,48,48,31,48,70,79
deathclaw:albino,Коготь смерти-альбинос,A,80,rightLeg,96,105,88,92,61,48,48,31,48,70,79
deathclaw:albino-alpha,Альфа-альбинос,S,90,head,127,138,115,121,81,63,63,40,63,92,104
deathclaw:albino-alpha,Альфа-альбинос,S,90,eyes,21,23,19,20,13,11,11,7,11,15,17
deathclaw:albino-alpha,Альфа-альбинос,S,90,torso,176,192,160,168,112,88,88,56,88,128,144
deathclaw:albino-alpha,Альфа-альбинос,S,90,groin,70,77,64,67,45,35,35,22,35,51,58
deathclaw:albino-alpha,Альфа-альбинос,S,90,leftArm,137,150,125,131,87,69,69,44,69,100,112
deathclaw:albino-alpha,Альфа-альбинос,S,90,rightArm,137,150,125,131,87,69,69,44,69,100,112
deathclaw:albino-alpha,Альфа-альбинос,S,90,leftLeg,123,134,112,118,78,62,62,39,62,90,101
deathclaw:albino-alpha,Альфа-альбинос,S,90,rightLeg,123,134,112,118,78,62,62,39,62,90,101
deathclaw:chameleon,Коготь смерти-хамелеон,A,76,head,83,91,76,79,53,42,42,26,42,60,68
deathclaw:chameleon,Коготь смерти-хамелеон,A,76,eyes,14,15,13,13,9,7,7,4,7,10,11
deathclaw:chameleon,Коготь смерти-хамелеон,A,76,torso,116,126,105,110,74,58,58,37,58,84,95
deathclaw:chameleon,Коготь смерти-хамелеон,A,76,groin,46,50,42,44,29,23,23,15,23,34,38
deathclaw:chameleon,Коготь смерти-хамелеон,A,76,leftArm,90,98,82,86,57,45,45,29,45,66,74
deathclaw:chameleon,Коготь смерти-хамелеон,A,76,rightArm,90,98,82,86,57,45,45,29,45,66,74
deathclaw:chameleon,Коготь смерти-хамелеон,A,76,leftLeg,81,88,74,77,51,40,40,26,40,59,66
deathclaw:chameleon,Коготь смерти-хамелеон,A,76,rightLeg,81,88,74,77,51,40,40,26,40,59,66
deathclaw:glowing,Светящийся коготь смерти,A,82,head,103,112,94,98,66,51,51,33,51,75,84
deathclaw:glowing,Светящийся коготь смерти,A,82,eyes,17,19,16,16,11,9,9,5,9,12,14
deathclaw:glowing,Светящийся коготь смерти,A,82,torso,143,156,130,137,91,72,72,46,72,104,117
deathclaw:glowing,Светящийся коготь смерти,A,82,groin,57,62,52,55,36,29,29,18,29,42,47
deathclaw:glowing,Светящийся коготь смерти,A,82,leftArm,112,122,101,106,71,56,56,35,56,81,91
deathclaw:glowing,Светящийся коготь смерти,A,82,rightArm,112,122,101,106,71,56,56,35,56,81,91
deathclaw:glowing,Светящийся коготь смерти,A,82,leftLeg,100,109,91,96,64,50,50,32,50,73,82
deathclaw:glowing,Светящийся коготь смерти,A,82,rightLeg,100,109,91,96,64,50,50,32,50,73,82
deathclaw:enclave,Коготь смерти Анклава,A,78,head,111,121,101,106,71,55,55,35,55,81,91
deathclaw:enclave,Коготь смерти Анклава,A,78,eyes,18,20,17,18,12,9,9,6,9,13,15
deathclaw:enclave,Коготь смерти Анклава,A,78,torso,154,168,140,147,98,77,77,49,77,112,126
deathclaw:enclave,Коготь смерти Анклава,A,78,groin,62,67,56,59,39,31,31,20,31,45,50
deathclaw:enclave,Коготь смерти Анклава,A,78,leftArm,120,131,109,115,76,60,60,38,60,87,98
deathclaw:enclave,Коготь смерти Анклава,A,78,rightArm,120,131,109,115,76,60,60,38,60,87,98
deathclaw:enclave,Коготь смерти Анклава,A,78,leftLeg,108,118,98,103,69,54,54,34,54,78,88
deathclaw:enclave,Коготь смерти Анклава,A,78,rightLeg,108,118,98,103,69,54,54,34,54,78,88
deathclaw:legendary,Легендарный коготь смерти,S,92,head,139,151,126,132,88,69,69,44,69,101,113
deathclaw:legendary,Легендарный коготь смерти,S,92,eyes,23,25,21,22,15,12,12,7,12,17,19
deathclaw:legendary,Легендарный коготь смерти,S,92,torso,193,210,175,184,122,96,96,61,96,140,158
deathclaw:legendary,Легендарный коготь смерти,S,92,groin,77,84,70,74,49,39,39,25,39,56,63
deathclaw:legendary,Легендарный коготь смерти,S,92,leftArm,150,164,137,143,96,75,75,48,75,109,123
deathclaw:legendary,Легендарный коготь смерти,S,92,rightArm,150,164,137,143,96,75,75,48,75,109,123
deathclaw:legendary,Легендарный коготь смерти,S,92,leftLeg,135,147,122,129,86,67,67,43,67,98,110
deathclaw:legendary,Легендарный коготь смерти,S,92,rightLeg,135,147,122,129,86,67,67,43,67,98,110
deathclaw:matriarch,Матка когтей смерти,S,95,head,150,164,137,144,96,75,75,48,75,109,123
deathclaw:matriarch,Матка когтей смерти,S,95,eyes,25,27,23,24,16,13,13,8,13,18,21
deathclaw:matriarch,Матка когтей смерти,S,95,torso,209,228,190,200,133,105,105,67,105,152,171
deathclaw:matriarch,Матка когтей смерти,S,95,groin,84,91,76,80,53,42,42,27,42,61,68
deathclaw:matriarch,Матка когтей смерти,S,95,leftArm,163,178,148,156,104,82,82,52,82,119,133
deathclaw:matriarch,Матка когтей смерти,S,95,rightArm,163,178,148,156,104,82,82,52,82,119,133
deathclaw:matriarch,Матка когтей смерти,S,95,leftLeg,146,160,133,140,93,73,73,47,73,106,120
deathclaw:matriarch,Матка когтей смерти,S,95,rightLeg,146,160,133,140,93,73,73,47,73,106,120
deathclaw:blood-alpha,Кровавый альфа-коготь,S,98,head,158,173,144,151,101,79,79,50,79,115,130
deathclaw:blood-alpha,Кровавый альфа-коготь,S,98,eyes,26,29,24,25,17,13,13,8,13,19,22
deathclaw:blood-alpha,Кровавый альфа-коготь,S,98,torso,220,240,200,210,140,110,110,70,110,160,180
deathclaw:blood-alpha,Кровавый альфа-коготь,S,98,groin,88,96,80,84,56,44,44,28,44,64,72
deathclaw:blood-alpha,Кровавый альфа-коготь,S,98,leftArm,172,187,156,164,109,86,86,55,86,125,140
deathclaw:blood-alpha,Кровавый альфа-коготь,S,98,rightArm,172,187,156,164,109,86,86,55,86,125,140
deathclaw:blood-alpha,Кровавый альфа-коготь,S,98,leftLeg,154,168,140,147,98,77,77,49,77,112,126
deathclaw:blood-alpha,Кровавый альфа-коготь,S,98,rightLeg,154,168,140,147,98,77,77,49,77,112,126
deathclaw:mythic,Мифический коготь смерти,S,100,head,174,190,158,166,111,87,87,55,87,127,143
deathclaw:mythic,Мифический коготь смерти,S,100,eyes,29,32,26,28,18,15,15,9,15,21,24
deathclaw:mythic,Мифический коготь смерти,S,100,torso,242,264,220,231,154,121,121,77,121,176,198
deathclaw:mythic,Мифический коготь смерти,S,100,groin,97,106,88,92,62,48,48,31,48,70,79
deathclaw:mythic,Мифический коготь смерти,S,100,leftArm,189,206,172,180,120,94,94,60,94,137,154
deathclaw:mythic,Мифический коготь смерти,S,100,rightArm,189,206,172,180,120,94,94,60,94,137,154
deathclaw:mythic,Мифический коготь смерти,S,100,leftLeg,169,185,154,162,108,85,85,54,85,123,139
deathclaw:mythic,Мифический коготь смерти,S,100,rightLeg,169,185,154,162,108,85,85,54,85,123,139
deathclaw:giant-glowing,Гигантский светящийся коготь,S,100,head,190,207,173,181,121,95,95,60,95,138,156
deathclaw:giant-glowing,Гигантский светящийся коготь,S,100,eyes,32,35,29,30,20,16,16,10,16,23,26
deathclaw:giant-glowing,Гигантский светящийся коготь,S,100,torso,264,288,240,252,168,132,132,84,132,192,216
deathclaw:giant-glowing,Гигантский светящийся коготь,S,100,groin,106,115,96,101,67,53,53,34,53,77,86
deathclaw:giant-glowing,Гигантский светящийся коготь,S,100,leftArm,206,225,187,197,131,103,103,66,103,150,168
deathclaw:giant-glowing,Гигантский светящийся коготь,S,100,rightArm,206,225,187,197,131,103,103,66,103,150,168
deathclaw:giant-glowing,Гигантский светящийся коготь,S,100,leftLeg,185,202,168,176,118,92,92,59,92,134,151
deathclaw:giant-glowing,Гигантский светящийся коготь,S,100,rightLeg,185,202,168,176,118,92,92,59,92,134,151
mutant-hound:ordinary,Гончая-мутант,C,24,head,14,16,12,11,8,6,9,6,9,13,14
mutant-hound:ordinary,Гончая-мутант,C,24,eyes,2,3,2,2,1,1,1,1,1,2,2
mutant-hound:ordinary,Гончая-мутант,C,24,torso,20,22,17,16,11,8,12,8,12,18,20
mutant-hound:ordinary,Гончая-мутант,C,24,groin,8,9,7,6,4,3,5,3,5,7,8
mutant-hound:ordinary,Гончая-мутант,C,24,leftArm,15,17,13,12,9,6,9,6,9,14,15
mutant-hound:ordinary,Гончая-мутант,C,24,rightArm,15,17,13,12,9,6,9,6,9,14,15
mutant-hound:ordinary,Гончая-мутант,C,24,leftLeg,14,15,12,11,8,5,8,5,8,12,14
mutant-hound:ordinary,Гончая-мутант,C,24,rightLeg,14,15,12,11,8,5,8,5,8,12,14
mutant-hound:armored,Бронированная гончая-мутант,B,36,head,42,48,26,40,20,10,22,14,22,32,36
mutant-hound:armored,Бронированная гончая-мутант,B,36,eyes,7,8,4,7,3,2,4,2,4,5,6
mutant-hound:armored,Бронированная гончая-мутант,B,36,torso,58,66,36,55,28,14,30,19,30,44,50
mutant-hound:armored,Бронированная гончая-мутант,B,36,groin,23,26,14,22,11,6,12,8,12,18,20
mutant-hound:armored,Бронированная гончая-мутант,B,36,leftArm,45,51,28,43,21,11,24,15,24,34,39
mutant-hound:armored,Бронированная гончая-мутант,B,36,rightArm,45,51,28,43,21,11,24,15,24,34,39
mutant-hound:armored,Бронированная гончая-мутант,B,36,leftLeg,40,46,25,39,19,10,21,13,21,31,35
mutant-hound:armored,Бронированная гончая-мутант,B,36,rightLeg,40,46,25,39,19,10,21,13,21,31,35
centaur:ordinary,Кентавр,B,34,head,25,27,21,20,14,10,15,10,15,22,25
centaur:ordinary,Кентавр,B,34,eyes,4,5,3,3,2,2,3,2,3,4,4
centaur:ordinary,Кентавр,B,34,torso,34,38,29,27,19,13,21,13,21,30,34
centaur:ordinary,Кентавр,B,34,groin,14,15,11,11,8,5,8,5,8,12,14
centaur:ordinary,Кентавр,B,34,leftArm,27,30,22,21,15,10,16,10,16,24,27
centaur:ordinary,Кентавр,B,34,rightArm,27,30,22,21,15,10,16,10,16,24,27
centaur:ordinary,Кентавр,B,34,leftLeg,24,27,20,19,13,9,15,9,15,21,24
centaur:ordinary,Кентавр,B,34,rightLeg,24,27,20,19,13,9,15,9,15,21,24
mirelurk:ordinary,Болотник,C,26,head,26,30,16,25,13,6,14,9,14,20,23
mirelurk:ordinary,Болотник,C,26,eyes,4,5,3,4,2,1,2,1,2,3,4
mirelurk:ordinary,Болотник,C,26,torso,37,42,23,35,18,9,19,12,19,28,32
mirelurk:ordinary,Болотник,C,26,groin,15,17,9,14,7,4,8,5,8,11,13
mirelurk:ordinary,Болотник,C,26,leftArm,29,33,18,27,14,7,15,10,15,22,25
mirelurk:ordinary,Болотник,C,26,rightArm,29,33,18,27,14,7,15,10,15,22,25
mirelurk:ordinary,Болотник,C,26,leftLeg,26,29,16,25,12,6,13,9,13,20,22
mirelurk:ordinary,Болотник,C,26,rightLeg,26,29,16,25,12,6,13,9,13,20,22
mirelurk:hunter,Болотник-охотник,B,42,head,51,59,32,49,24,12,27,17,27,39,44
mirelurk:hunter,Болотник-охотник,B,42,eyes,9,10,5,8,4,2,4,3,4,7,7
mirelurk:hunter,Болотник-охотник,B,42,torso,71,82,44,68,34,17,37,24,37,54,61
mirelurk:hunter,Болотник-охотник,B,42,groin,29,33,18,27,14,7,15,10,15,22,24
mirelurk:hunter,Болотник-охотник,B,42,leftArm,56,64,34,53,27,13,29,19,29,42,48
mirelurk:hunter,Болотник-охотник,B,42,rightArm,56,64,34,53,27,13,29,19,29,42,48
mirelurk:hunter,Болотник-охотник,B,42,leftLeg,50,57,31,48,24,12,26,17,26,38,43
mirelurk:hunter,Болотник-охотник,B,42,rightLeg,50,57,31,48,24,12,26,17,26,38,43
mirelurk:king,Король болотников,A,62,head,60,69,37,58,29,14,32,20,32,46,52
mirelurk:king,Король болотников,A,62,eyes,10,12,6,10,5,2,5,3,5,8,9
mirelurk:king,Король болотников,A,62,torso,84,96,52,80,40,20,44,28,44,64,72
mirelurk:king,Король болотников,A,62,groin,34,38,21,32,16,8,18,11,18,26,29
mirelurk:king,Король болотников,A,62,leftArm,66,75,41,62,31,16,34,22,34,50,56
mirelurk:king,Король болотников,A,62,rightArm,66,75,41,62,31,16,34,22,34,50,56
mirelurk:king,Король болотников,A,62,leftLeg,59,67,36,56,28,14,31,20,31,45,50
mirelurk:king,Король болотников,A,62,rightLeg,59,67,36,56,28,14,31,20,31,45,50
mirelurk:queen,Матка болотников,S,94,head,174,199,108,166,83,41,91,58,91,132,149
mirelurk:queen,Матка болотников,S,94,eyes,29,33,18,28,14,7,15,10,15,22,25
mirelurk:queen,Матка болотников,S,94,torso,242,276,150,230,115,58,127,81,127,184,207
mirelurk:queen,Матка болотников,S,94,groin,97,110,60,92,46,23,51,32,51,74,83
mirelurk:queen,Матка болотников,S,94,leftArm,188,215,117,179,90,45,99,63,99,144,161
mirelurk:queen,Матка болотников,S,94,rightArm,188,215,117,179,90,45,99,63,99,144,161
mirelurk:queen,Матка болотников,S,94,leftLeg,169,193,105,161,81,40,89,56,89,129,145
mirelurk:queen,Матка болотников,S,94,rightLeg,169,193,105,161,81,40,89,56,89,129,145
mirelurk:nukalurk,Ядерник,A,66,head,83,95,51,79,40,20,44,28,44,63,71
mirelurk:nukalurk,Ядерник,A,66,eyes,14,16,9,13,7,3,7,5,7,11,12
mirelurk:nukalurk,Ядерник,A,66,torso,116,132,72,110,55,28,61,39,61,88,99
mirelurk:nukalurk,Ядерник,A,66,groin,46,53,29,44,22,11,24,15,24,35,40
mirelurk:nukalurk,Ядерник,A,66,leftArm,90,103,56,86,43,21,47,30,47,69,77
mirelurk:nukalurk,Ядерник,A,66,rightArm,90,103,56,86,43,21,47,30,47,69,77
mirelurk:nukalurk,Ядерник,A,66,leftLeg,81,92,50,77,39,19,42,27,42,62,69
mirelurk:nukalurk,Ядерник,A,66,rightLeg,81,92,50,77,39,19,42,27,42,62,69
lakelurk:ordinary,Озёрник-крикун,B,44,head,27,30,23,22,15,11,17,11,17,24,27
lakelurk:ordinary,Озёрник-крикун,B,44,eyes,5,5,4,4,3,2,3,2,3,4,5
lakelurk:ordinary,Озёрник-крикун,B,44,torso,38,42,32,30,21,15,23,15,23,34,38
lakelurk:ordinary,Озёрник-крикун,B,44,groin,15,17,13,12,8,6,9,6,9,13,15
lakelurk:ordinary,Озёрник-крикун,B,44,leftArm,29,33,25,24,16,11,18,11,18,26,29
lakelurk:ordinary,Озёрник-крикун,B,44,rightArm,29,33,25,24,16,11,18,11,18,26,29
lakelurk:ordinary,Озёрник-крикун,B,44,leftLeg,26,29,22,21,15,10,16,10,16,24,26
lakelurk:ordinary,Озёрник-крикун,B,44,rightLeg,26,29,22,21,15,10,16,10,16,24,26
water-creature:ordinary,Водяной,B,46,head,31,35,26,25,17,12,19,12,19,28,31
water-creature:ordinary,Водяной,B,46,eyes,5,6,4,4,3,2,3,2,3,5,5
water-creature:ordinary,Водяной,B,46,torso,43,48,36,35,24,17,26,17,26,38,43
water-creature:ordinary,Водяной,B,46,groin,17,19,14,14,10,7,11,7,11,15,17
water-creature:ordinary,Водяной,B,46,leftArm,34,37,28,27,19,13,21,13,21,30,34
water-creature:ordinary,Водяной,B,46,rightArm,34,37,28,27,19,13,21,13,21,30,34
water-creature:ordinary,Водяной,B,46,leftLeg,30,34,25,24,17,12,18,12,18,27,30
water-creature:ordinary,Водяной,B,46,rightLeg,30,34,25,24,17,12,18,12,18,27,30
water-creature:brute,Водяной-громила,A,64,head,52,58,43,41,29,20,32,20,32,46,52
water-creature:brute,Водяной-громила,A,64,eyes,9,10,7,7,5,3,5,3,5,8,9
water-creature:brute,Водяной-громила,A,64,torso,72,80,60,58,40,28,44,28,44,64,72
water-creature:brute,Водяной-громила,A,64,groin,29,32,24,23,16,11,18,11,18,26,29
water-creature:brute,Водяной-громила,A,64,leftArm,56,62,47,45,31,22,34,22,34,50,56
water-creature:brute,Водяной-громила,A,64,rightArm,56,62,47,45,31,22,34,22,34,50,56
water-creature:brute,Водяной-громила,A,64,leftLeg,50,56,42,40,28,20,31,20,31,45,50
water-creature:brute,Водяной-громила,A,64,rightLeg,50,56,42,40,28,20,31,20,31,45,50
spore-plant:ordinary,Споровый игломёт,D,8,head,2,2,3,2,1,0,2,1,2,5,4
spore-plant:ordinary,Споровый игломёт,D,8,eyes,0,0,0,0,0,0,0,0,0,1,1
spore-plant:ordinary,Споровый игломёт,D,8,torso,2,3,4,3,2,0,2,1,3,6,6
spore-plant:ordinary,Споровый игломёт,D,8,groin,1,1,1,1,1,0,1,1,1,3,2
spore-plant:acid-spitter,Кислотное споровое растение,C,18,head,5,6,8,6,4,1,5,3,7,14,13
spore-plant:acid-spitter,Кислотное споровое растение,C,18,eyes,1,1,1,1,1,0,1,1,1,2,2
spore-plant:acid-spitter,Кислотное споровое растение,C,18,torso,7,9,11,9,6,1,7,4,10,19,18
spore-plant:acid-spitter,Кислотное споровое растение,C,18,groin,3,4,4,3,2,0,3,2,4,8,7
strangler-heart:colony-heart,Сердце колонии душителя,A,60,head,32,41,49,39,27,5,30,19,43,86,81
strangler-heart:colony-heart,Сердце колонии душителя,A,60,eyes,5,7,8,6,5,1,5,3,7,14,14
strangler-heart:colony-heart,Сердце колонии душителя,A,60,torso,45,56,68,54,38,8,41,26,60,120,113
strangler-heart:colony-heart,Сердце колонии душителя,A,60,groin,18,23,27,22,15,3,17,11,24,48,45
strangler-heart:colony-heart,Сердце колонии душителя,A,60,leftArm,35,44,53,42,29,6,32,20,47,94,88
strangler-heart:colony-heart,Сердце колонии душителя,A,60,rightArm,35,44,53,42,29,6,32,20,47,94,88
overgrown:thorn,Заросший-шип,C,24,head,9,11,13,10,7,1,8,5,12,23,22
overgrown:thorn,Заросший-шип,C,24,eyes,1,2,2,2,1,0,1,1,2,4,4
overgrown:thorn,Заросший-шип,C,24,torso,12,15,18,14,10,2,11,7,16,32,30
overgrown:thorn,Заросший-шип,C,24,groin,5,6,7,6,4,1,4,3,6,13,12
overgrown:thorn,Заросший-шип,C,24,leftArm,9,12,14,11,8,2,9,5,12,25,23
overgrown:thorn,Заросший-шип,C,24,rightArm,9,12,14,11,8,2,9,5,12,25,23
overgrown:thorn,Заросший-шип,C,24,leftLeg,8,11,13,10,7,1,8,5,11,22,21
overgrown:thorn,Заросший-шип,C,24,rightLeg,8,11,13,10,7,1,8,5,11,22,21
overgrown:elder,Старейшина заросших,B,44,head,20,25,30,24,17,3,18,12,26,53,50
overgrown:elder,Старейшина заросших,B,44,eyes,3,4,5,4,3,1,3,2,4,9,8
overgrown:elder,Старейшина заросших,B,44,torso,28,35,41,33,23,5,25,16,37,74,69
overgrown:elder,Старейшина заросших,B,44,groin,11,14,17,13,9,2,10,6,15,29,28
overgrown:elder,Старейшина заросших,B,44,leftArm,22,27,32,26,18,4,20,13,29,57,54
overgrown:elder,Старейшина заросших,B,44,rightArm,22,27,32,26,18,4,20,13,29,57,54
overgrown:elder,Старейшина заросших,B,44,leftLeg,19,24,29,23,16,3,18,11,26,52,48
overgrown:elder,Старейшина заросших,B,44,rightLeg,19,24,29,23,16,3,18,11,26,52,48
overgrown-pollinator:support,Опылитель заросших,C,18,head,4,5,6,5,4,1,4,3,6,12,11
overgrown-pollinator:support,Опылитель заросших,C,18,eyes,1,1,1,1,1,0,1,0,1,2,2
overgrown-pollinator:support,Опылитель заросших,C,18,torso,6,8,9,7,5,1,6,4,8,16,15
overgrown-pollinator:support,Опылитель заросших,C,18,groin,2,3,4,3,2,0,2,1,3,6,6
overgrown-pollinator:support,Опылитель заросших,C,18,leftArm,5,6,7,6,4,1,4,3,6,12,12
overgrown-pollinator:support,Опылитель заросших,C,18,rightArm,5,6,7,6,4,1,4,3,6,12,12
overgrown-pollinator:support,Опылитель заросших,C,18,leftLeg,4,5,6,5,4,1,4,2,6,11,11
abomination:ordinary,Абоминация,B,40,head,27,30,23,22,27,11,17,23,17,30,33
abomination:ordinary,Абоминация,B,40,eyes,5,5,4,4,5,2,3,4,3,5,6
abomination:ordinary,Абоминация,B,40,torso,38,42,32,30,38,15,23,32,23,42,46
abomination:ordinary,Абоминация,B,40,groin,15,17,13,12,15,6,9,13,9,17,18
abomination:ordinary,Абоминация,B,40,leftArm,29,33,25,24,29,11,18,25,18,33,36
abomination:ordinary,Абоминация,B,40,rightArm,29,33,25,24,29,11,18,25,18,33,36
abomination:ordinary,Абоминация,B,40,leftLeg,26,29,22,21,26,10,16,22,16,29,32
abomination:ordinary,Абоминация,B,40,rightLeg,26,29,22,21,26,10,16,22,16,29,32
parasite:ordinary,Паразит,D,4,head,2,2,1,1,1,0,1,1,1,1,2
parasite:ordinary,Паразит,D,4,eyes,0,0,0,0,0,0,0,0,0,0,0
parasite:ordinary,Паразит,D,4,torso,2,2,1,2,2,1,1,2,1,2,2
parasite:ordinary,Паразит,D,4,groin,1,1,1,1,1,0,0,1,0,1,1
parasite:ordinary,Паразит,D,4,leftArm,2,2,1,2,1,0,1,1,1,2,2
parasite:ordinary,Паразит,D,4,rightArm,2,2,1,2,1,0,1,1,1,2,2
parasite:ordinary,Паразит,D,4,leftLeg,1,2,1,1,1,0,1,1,1,1,2
parasite:ordinary,Паразит,D,4,rightLeg,1,2,1,1,1,0,1,1,1,1,2
zetan:scout,Дзетан-разведчик,B,42,head,27,30,23,22,27,11,17,23,17,30,33
zetan:scout,Дзетан-разведчик,B,42,eyes,5,5,4,4,5,2,3,4,3,5,6
zetan:scout,Дзетан-разведчик,B,42,torso,38,42,32,30,38,15,23,32,23,42,46
zetan:scout,Дзетан-разведчик,B,42,groin,15,17,13,12,15,6,9,13,9,17,18
zetan:scout,Дзетан-разведчик,B,42,leftArm,29,33,25,24,29,11,18,25,18,33,36
zetan:scout,Дзетан-разведчик,B,42,rightArm,29,33,25,24,29,11,18,25,18,33,36
zetan:scout,Дзетан-разведчик,B,42,leftLeg,26,29,22,21,26,10,16,22,16,29,32
zetan:scout,Дзетан-разведчик,B,42,rightLeg,26,29,22,21,26,10,16,22,16,29,32
zetan:warrior,Дзетан-штурмовик,A,64,head,49,54,41,39,49,19,30,41,30,54,59
zetan:warrior,Дзетан-штурмовик,A,64,eyes,8,9,7,6,8,3,5,7,5,9,10
zetan:warrior,Дзетан-штурмовик,A,64,torso,68,75,56,54,68,26,41,56,41,75,83
zetan:warrior,Дзетан-штурмовик,A,64,groin,27,30,23,22,27,11,17,23,17,30,33
zetan:warrior,Дзетан-штурмовик,A,64,leftArm,53,59,44,42,53,20,32,44,32,59,64
zetan:warrior,Дзетан-штурмовик,A,64,rightArm,53,59,44,42,53,20,32,44,32,59,64
zetan:warrior,Дзетан-штурмовик,A,64,leftLeg,47,53,39,38,47,18,29,39,29,53,58
zetan:warrior,Дзетан-штурмовик,A,64,rightLeg,47,53,39,38,47,18,29,39,29,53,58
super-mutant:ordinary:skirmisher,Супермутант-застрельщик,C,22,head,16,17,13,12,9,6,10,6,10,14,16
super-mutant:ordinary:skirmisher,Супермутант-застрельщик,C,22,eyes,3,3,2,2,1,1,2,1,2,2,3
super-mutant:ordinary:skirmisher,Супермутант-застрельщик,C,22,torso,22,24,18,17,12,8,13,8,13,19,22
super-mutant:ordinary:skirmisher,Супермутант-застрельщик,C,22,groin,9,10,7,7,5,3,5,3,5,8,9
super-mutant:ordinary:skirmisher,Супермутант-застрельщик,C,22,leftArm,17,19,14,13,9,7,10,7,10,15,17
super-mutant:ordinary:skirmisher,Супермутант-застрельщик,C,22,rightArm,17,19,14,13,9,7,10,7,10,15,17
super-mutant:ordinary:skirmisher,Супермутант-застрельщик,C,22,leftLeg,15,17,13,12,8,6,9,6,9,13,15
super-mutant:ordinary:skirmisher,Супермутант-застрельщик,C,22,rightLeg,15,17,13,12,8,6,9,6,9,13,15
super-mutant:ordinary:fighter,Супермутант-боец,B,30,head,25,27,21,20,14,10,15,10,15,22,25
super-mutant:ordinary:fighter,Супермутант-боец,B,30,eyes,4,5,3,3,2,2,3,2,3,4,4
super-mutant:ordinary:fighter,Супермутант-боец,B,30,torso,34,38,29,27,19,13,21,13,21,30,34
super-mutant:ordinary:fighter,Супермутант-боец,B,30,groin,14,15,11,11,8,5,8,5,8,12,14
super-mutant:ordinary:fighter,Супермутант-боец,B,30,leftArm,27,30,22,21,15,10,16,10,16,24,27
super-mutant:ordinary:fighter,Супермутант-боец,B,30,rightArm,27,30,22,21,15,10,16,10,16,24,27
super-mutant:ordinary:fighter,Супермутант-боец,B,30,leftLeg,24,27,20,19,13,9,15,9,15,21,24
super-mutant:ordinary:fighter,Супермутант-боец,B,30,rightLeg,24,27,20,19,13,9,15,9,15,21,24
super-mutant:ordinary:brute,Супермутант-громила,B,34,head,31,35,26,25,17,12,19,12,19,28,31
super-mutant:ordinary:brute,Супермутант-громила,B,34,eyes,5,6,4,4,3,2,3,2,3,5,5
super-mutant:ordinary:brute,Супермутант-громила,B,34,torso,43,48,36,35,24,17,26,17,26,38,43
super-mutant:ordinary:brute,Супермутант-громила,B,34,groin,17,19,14,14,10,7,11,7,11,15,17
super-mutant:ordinary:brute,Супермутант-громила,B,34,leftArm,34,37,28,27,19,13,21,13,21,30,34
super-mutant:ordinary:brute,Супермутант-громила,B,34,rightArm,34,37,28,27,19,13,21,13,21,30,34
super-mutant:ordinary:brute,Супермутант-громила,B,34,leftLeg,30,34,25,24,17,12,18,12,18,27,30
super-mutant:ordinary:brute,Супермутант-громила,B,34,rightLeg,30,34,25,24,17,12,18,12,18,27,30
super-mutant:ordinary:enforcer,Супермутант-силовик,B,38,head,39,45,24,37,19,9,21,13,21,30,34
super-mutant:ordinary:enforcer,Супермутант-силовик,B,38,eyes,7,7,4,6,3,2,3,2,3,5,6
super-mutant:ordinary:enforcer,Супермутант-силовик,B,38,torso,55,62,34,52,26,13,29,18,29,42,47
super-mutant:ordinary:enforcer,Супермутант-силовик,B,38,groin,22,25,14,21,10,5,11,7,11,17,19
super-mutant:ordinary:enforcer,Супермутант-силовик,B,38,leftArm,43,49,26,41,20,10,22,14,22,32,37
super-mutant:ordinary:enforcer,Супермутант-силовик,B,38,rightArm,43,49,26,41,20,10,22,14,22,32,37
super-mutant:ordinary:enforcer,Супермутант-силовик,B,38,leftLeg,38,44,24,36,18,9,20,13,20,29,33
super-mutant:ordinary:enforcer,Супермутант-силовик,B,38,rightLeg,38,44,24,36,18,9,20,13,20,29,33
super-mutant:ordinary:butcher,Супермутант-мясник,B,42,head,44,50,27,42,21,10,23,15,23,33,38
super-mutant:ordinary:butcher,Супермутант-мясник,B,42,eyes,7,8,5,7,3,2,4,2,4,6,6
super-mutant:ordinary:butcher,Супермутант-мясник,B,42,torso,61,70,38,58,29,15,32,20,32,46,52
super-mutant:ordinary:butcher,Супермутант-мясник,B,42,groin,24,28,15,23,12,6,13,8,13,19,21
super-mutant:ordinary:butcher,Супермутант-мясник,B,42,leftArm,48,54,29,45,23,11,25,16,25,36,41
super-mutant:ordinary:butcher,Супермутант-мясник,B,42,rightArm,48,54,29,45,23,11,25,16,25,36,41
super-mutant:ordinary:butcher,Супермутант-мясник,B,42,leftLeg,43,49,26,41,20,10,22,14,22,32,37
super-mutant:ordinary:butcher,Супермутант-мясник,B,42,rightLeg,43,49,26,41,20,10,22,14,22,32,37
super-mutant:ordinary:master,Супермутант-мастер,A,50,head,51,59,32,49,24,12,27,17,27,39,44
super-mutant:ordinary:master,Супермутант-мастер,A,50,eyes,9,10,5,8,4,2,4,3,4,7,7
super-mutant:ordinary:master,Супермутант-мастер,A,50,torso,71,82,44,68,34,17,37,24,37,54,61
super-mutant:ordinary:master,Супермутант-мастер,A,50,groin,29,33,18,27,14,7,15,10,15,22,24
super-mutant:ordinary:master,Супермутант-мастер,A,50,leftArm,56,64,34,53,27,13,29,19,29,42,48
super-mutant:ordinary:master,Супермутант-мастер,A,50,rightArm,56,64,34,53,27,13,29,19,29,42,48
super-mutant:ordinary:master,Супермутант-мастер,A,50,leftLeg,50,57,31,48,24,12,26,17,26,38,43
super-mutant:ordinary:master,Супермутант-мастер,A,50,rightLeg,50,57,31,48,24,12,26,17,26,38,43
super-mutant:ordinary:heavy,Супермутант-тяжёлый стрелок,A,56,head,59,67,37,56,28,14,31,20,31,45,51
super-mutant:ordinary:heavy,Супермутант-тяжёлый стрелок,A,56,eyes,10,11,6,9,5,2,5,3,5,7,8
super-mutant:ordinary:heavy,Супермутант-тяжёлый стрелок,A,56,torso,82,94,51,78,39,20,43,27,43,62,70
super-mutant:ordinary:heavy,Супермутант-тяжёлый стрелок,A,56,groin,33,37,20,31,16,8,17,11,17,25,28
super-mutant:ordinary:heavy,Супермутант-тяжёлый стрелок,A,56,leftArm,64,73,40,61,30,15,33,21,33,49,55
super-mutant:ordinary:heavy,Супермутант-тяжёлый стрелок,A,56,rightArm,64,73,40,61,30,15,33,21,33,49,55
super-mutant:ordinary:heavy,Супермутант-тяжёлый стрелок,A,56,leftLeg,57,66,35,55,27,14,30,19,30,44,49
super-mutant:ordinary:heavy,Супермутант-тяжёлый стрелок,A,56,rightLeg,57,66,35,55,27,14,30,19,30,44,49
super-mutant:ordinary:firestarter,Супермутант-огнемётчик,A,58,head,54,62,34,52,26,13,29,18,29,41,47
super-mutant:ordinary:firestarter,Супермутант-огнемётчик,A,58,eyes,9,10,6,9,4,2,5,3,5,7,8
super-mutant:ordinary:firestarter,Супермутант-огнемётчик,A,58,torso,76,86,47,72,36,18,40,25,40,58,65
super-mutant:ordinary:firestarter,Супермутант-огнемётчик,A,58,groin,30,35,19,29,14,7,16,10,16,23,26
super-mutant:ordinary:firestarter,Супермутант-огнемётчик,A,58,leftArm,59,67,37,56,28,14,31,20,31,45,51
super-mutant:ordinary:firestarter,Супермутант-огнемётчик,A,58,rightArm,59,67,37,56,28,14,31,20,31,45,51
super-mutant:ordinary:firestarter,Супермутант-огнемётчик,A,58,leftLeg,53,60,33,50,25,13,28,18,28,40,45
super-mutant:ordinary:firestarter,Супермутант-огнемётчик,A,58,rightLeg,53,60,33,50,25,13,28,18,28,40,45
super-mutant:ordinary:overlord,Супермутант-владыка,A,62,head,67,76,41,63,32,16,35,22,35,51,57
super-mutant:ordinary:overlord,Супермутант-владыка,A,62,eyes,11,13,7,11,5,3,6,4,6,8,10
super-mutant:ordinary:overlord,Супермутант-владыка,A,62,torso,92,106,57,88,44,22,48,31,48,70,79
super-mutant:ordinary:overlord,Супермутант-владыка,A,62,groin,37,42,23,35,18,9,19,12,19,28,32
super-mutant:ordinary:overlord,Супермутант-владыка,A,62,leftArm,72,82,45,69,34,17,38,24,38,55,62
super-mutant:ordinary:overlord,Супермутант-владыка,A,62,rightArm,72,82,45,69,34,17,38,24,38,55,62
super-mutant:ordinary:overlord,Супермутант-владыка,A,62,leftLeg,65,74,40,62,31,15,34,22,34,49,55
super-mutant:ordinary:overlord,Супермутант-владыка,A,62,rightLeg,65,74,40,62,31,15,34,22,34,49,55
super-mutant:ordinary:primus,Супермутант-примус,A,70,head,79,91,49,76,38,19,42,26,42,60,68
super-mutant:ordinary:primus,Супермутант-примус,A,70,eyes,13,15,8,13,6,3,7,4,7,10,11
super-mutant:ordinary:primus,Супермутант-примус,A,70,torso,110,126,68,105,53,26,58,37,58,84,95
super-mutant:ordinary:primus,Супермутант-примус,A,70,groin,44,50,27,42,21,11,23,15,23,34,38
super-mutant:ordinary:primus,Супермутант-примус,A,70,leftArm,86,98,53,82,41,20,45,29,45,66,74
super-mutant:ordinary:primus,Супермутант-примус,A,70,rightArm,86,98,53,82,41,20,45,29,45,66,74
super-mutant:ordinary:primus,Супермутант-примус,A,70,leftLeg,77,88,48,74,37,18,40,26,40,59,66
super-mutant:ordinary:primus,Супермутант-примус,A,70,rightLeg,77,88,48,74,37,18,40,26,40,59,66
super-mutant:ordinary:warlord,Супермутант-военачальник,S,82,head,113,130,70,108,54,27,59,38,59,86,97
super-mutant:ordinary:warlord,Супермутант-военачальник,S,82,eyes,19,22,12,18,9,5,10,6,10,14,16
super-mutant:ordinary:warlord,Супермутант-военачальник,S,82,torso,158,180,98,150,75,38,83,53,83,120,135
super-mutant:ordinary:warlord,Супермутант-военачальник,S,82,groin,63,72,39,60,30,15,33,21,33,48,54
super-mutant:ordinary:warlord,Супермутант-военачальник,S,82,leftArm,123,140,76,117,59,29,64,41,64,94,105
super-mutant:ordinary:warlord,Супермутант-военачальник,S,82,rightArm,123,140,76,117,59,29,64,41,64,94,105
super-mutant:ordinary:warlord,Супермутант-военачальник,S,82,leftLeg,110,126,68,105,53,26,58,37,58,84,95
super-mutant:ordinary:warlord,Супермутант-военачальник,S,82,rightLeg,110,126,68,105,53,26,58,37,58,84,95
super-mutant:nightkin:master,Ночной охотник-мастер,A,60,head,57,65,35,54,27,14,30,19,30,43,49
super-mutant:nightkin:master,Ночной охотник-мастер,A,60,eyes,9,11,6,9,5,2,5,3,5,7,8
super-mutant:nightkin:master,Ночной охотник-мастер,A,60,torso,79,90,49,75,38,19,41,26,41,60,68
super-mutant:nightkin:master,Ночной охотник-мастер,A,60,groin,32,36,20,30,15,8,17,11,17,24,27
super-mutant:nightkin:master,Ночной охотник-мастер,A,60,leftArm,61,70,38,59,29,15,32,20,32,47,53
super-mutant:nightkin:master,Ночной охотник-мастер,A,60,rightArm,61,70,38,59,29,15,32,20,32,47,53
super-mutant:nightkin:master,Ночной охотник-мастер,A,60,leftLeg,55,63,34,53,26,13,29,18,29,42,47
super-mutant:nightkin:master,Ночной охотник-мастер,A,60,rightLeg,55,63,34,53,26,13,29,18,29,42,47